Date,iron_price
2026-03-24,106.1
2026-03-23,106.0
2026-03-20,105.89
2026-03-19,105.64
2026-03-18,105.54
2026-03-17,105.77
2026-03-16,105.34
2026-03-13,105.14
2026-03-12,104.72
2026-03-11,103.53
2026-03-10,103.22
2026-03-09,102.9
2026-03-06,101.91
2026-03-05,100.89
2026-03-04,100.06
2026-03-03,99.57
2026-03-02,99.81
2026-02-27,99.06
2026-02-26,99.03
2026-02-25,99.07
2026-02-24,99.15
2026-02-23,99.27
2026-02-20,99.33
2026-02-19,99.61
2026-02-18,99.74
2026-02-17,99.74
2026-02-13,99.66
2026-02-12,100.37
2026-02-11,100.59
2026-02-10,100.84
2026-02-09,100.63
2026-02-06,100.11
2026-02-05,101.03
2026-02-04,102.17
2026-02-03,102.16
2026-02-02,102.66
2026-01-30,105.62
2026-01-29,105.77
2026-01-28,105.85
2026-01-27,106.03
2026-01-26,106.15
2026-01-23,106.36
2026-01-22,106.42
2026-01-21,106.46
2026-01-20,106.54
2026-01-16,107.15
2026-01-15,107.39
2026-01-14,107.68
2026-01-13,107.9
2026-01-12,108.25
2026-01-09,108.03
2026-01-08,107.65
2026-01-07,108.48
2026-01-06,106.79
2026-01-05,106.13
2026-01-02,107.17
2025-12-31,107.13
2025-12-30,107.13
2025-12-29,107.08
2025-12-26,106.99
2025-12-24,106.94
2025-12-23,106.95
2025-12-22,106.94
2025-12-19,106.92
2025-12-18,106.9
2025-12-17,106.61
2025-12-16,106.36
2025-12-15,106.1
2025-12-12,106.05
2025-12-11,106.21
2025-12-10,106.66
2025-12-09,106.29
2025-12-08,106.42
2025-12-05,107.24
2025-12-04,107.88
2025-12-03,107.77
2025-12-02,107.35
2025-12-01,106.94
2025-11-28,104.84
2025-11-26,104.63
2025-11-25,104.51
2025-11-24,104.42
2025-11-21,104.26
2025-11-20,104.24
2025-11-19,104.26
2025-11-18,104.31
2025-11-17,104.42
2025-11-14,103.95
2025-11-13,104.05
2025-11-12,104.17
2025-11-11,103.56
2025-11-10,103.97
2025-11-07,103.34
2025-11-06,105.08
2025-11-05,104.73
2025-11-04,104.52
2025-11-03,105.84
2025-10-31,105.83
2025-10-30,105.73
2025-10-29,105.66
2025-10-28,105.56
2025-10-27,105.57
2025-10-24,105.41
2025-10-23,105.55
2025-10-22,105.55
2025-10-21,105.53
2025-10-20,105.5
2025-10-17,105.35
2025-10-16,105.56
2025-10-15,105.55
2025-10-14,105.25
2025-10-13,106.53
2025-10-10,105.74
2025-10-09,104.86
2025-10-08,104.29
2025-10-07,104.22
2025-10-06,104.48
2025-10-03,104.36
2025-10-02,104.1
2025-10-01,104.02
2025-09-30,105.29
2025-09-29,105.35
2025-09-26,105.44
2025-09-25,105.54
2025-09-24,105.54
2025-09-23,105.49
2025-09-22,105.49
2025-09-19,105.44
2025-09-18,105.24
2025-09-17,105.3
2025-09-16,105.42
2025-09-15,105.31
2025-09-12,105.43
2025-09-11,105.18
2025-09-10,105.8
2025-09-09,106.08
2025-09-08,104.93
2025-09-05,104.49
2025-09-04,104.53
2025-09-03,103.24
2025-09-02,102.53
2025-08-29,101.81
2025-08-28,101.71
2025-08-27,101.59
2025-08-26,101.53
2025-08-25,101.6
2025-08-22,101.42
2025-08-21,101.57
2025-08-20,101.52
2025-08-19,101.57
2025-08-18,101.62
2025-08-15,101.59
2025-08-14,101.83
2025-08-13,102.03
2025-08-12,102.41
2025-08-11,101.96
2025-08-08,101.22
2025-08-07,101.21
2025-08-06,100.92
2025-08-05,101.36
2025-08-04,100.77
2025-08-01,99.57
2025-07-31,99.12
2025-07-30,99.07
2025-07-29,98.98
2025-07-28,98.67
2025-07-25,98.55
2025-07-24,98.58
2025-07-23,98.27
2025-07-22,98.11
2025-07-21,97.84
2025-07-18,97.22
2025-07-17,97.18
2025-07-16,97.06
2025-07-15,96.5
2025-07-14,96.76
2025-07-11,96.71
2025-07-10,96.76
2025-07-09,95.32
2025-07-08,95.55
2025-07-07,95.22
2025-07-03,96.24
2025-07-02,95.13
2025-07-01,93.41
2025-06-30,94.47
2025-06-27,94.49
2025-06-26,94.48
2025-06-25,94.52
2025-06-24,94.63
2025-06-23,94.75
2025-06-20,94.77
2025-06-18,94.71
2025-06-17,94.86
2025-06-16,95.23
2025-06-13,95.38
2025-06-12,95.46
2025-06-11,95.78
2025-06-10,95.47
2025-06-09,95.62
2025-06-06,96.18
2025-06-05,95.7
2025-06-04,96.26
2025-06-03,95.3
2025-06-02,95.95
2025-05-30,99.12
2025-05-29,99.27
2025-05-28,99.39
2025-05-27,99.48
2025-05-23,99.81
2025-05-22,99.89
2025-05-21,100.05
2025-05-20,100.05
2025-05-19,100.0
2025-05-16,100.08
2025-05-15,100.42
2025-05-14,100.75
2025-05-13,99.51
2025-05-12,99.75
2025-05-09,98.55
2025-05-08,98.23
2025-05-07,99.33
2025-05-06,98.63
2025-05-05,97.41
2025-05-02,98.19
2025-05-01,99.25
2025-04-30,99.76
2025-04-29,99.86
2025-04-28,99.91
2025-04-25,99.92
2025-04-24,99.98
2025-04-23,100.09
2025-04-22,99.88
2025-04-21,99.92
2025-04-17,100.05
2025-04-16,100.08
2025-04-15,100.19
2025-04-14,100.08
2025-04-11,99.95
2025-04-10,99.89
2025-04-09,99.05
2025-04-08,99.25
2025-04-07,100.85
2025-04-04,102.64
2025-04-03,104.18
2025-04-02,104.25
2025-04-01,102.21
2025-03-31,102.51
2025-03-28,102.43
2025-03-27,102.36
2025-03-26,102.25
2025-03-25,102.18
2025-03-24,102.21
2025-03-21,102.0
2025-03-20,102.15
2025-03-19,102.11
2025-03-18,102.42
2025-03-17,102.32
2025-03-14,102.85
2025-03-13,102.16
2025-03-12,101.44
2025-03-11,101.05
2025-03-10,100.99
2025-03-07,101.29
2025-03-06,101.24
2025-03-05,100.72
2025-03-04,101.61
2025-03-03,100.81
2025-02-28,106.9
2025-02-27,107.07
2025-02-26,107.15
2025-02-25,107.17
2025-02-24,107.19
2025-02-21,107.13
2025-02-20,107.0
2025-02-19,106.76
2025-02-18,106.74
2025-02-14,106.83
2025-02-13,106.77
2025-02-12,107.26
2025-02-11,106.32
2025-02-10,106.97
2025-02-07,106.37
2025-02-06,106.23
2025-02-05,104.81
2025-02-04,105.4
2025-02-03,105.02
2025-01-31,101.59
2025-01-30,101.33
2025-01-29,101.33
2025-01-28,101.3
2025-01-27,101.34
2025-01-24,101.34
2025-01-23,101.34
2025-01-22,101.4
2025-01-21,101.21
2025-01-17,101.21
2025-01-16,100.49
2025-01-15,100.2
2025-01-14,99.99
2025-01-13,98.72
2025-01-10,98.09
2025-01-09,98.09
2025-01-08,97.74
2025-01-07,97.84
2025-01-06,99.44
2025-01-03,99.44
2025-01-02,100.61
2024-12-31,103.61
2024-12-30,103.78
2024-12-27,103.9
2024-12-26,104.08
2024-12-24,104.08
2024-12-23,103.84
2024-12-20,103.84
2024-12-19,104.08
2024-12-18,104.73
2024-12-17,105.58
2024-12-16,105.41
2024-12-13,105.31
2024-12-12,105.49
2024-12-11,105.52
2024-12-10,105.63
2024-12-09,106.34
2024-12-05,106.29
2024-12-04,106.29
2024-12-03,106.08
2024-12-02,105.32
2024-11-29,102.44
2024-11-27,102.17
2024-11-26,102.06
2024-11-25,102.01
2024-11-22,101.95
2024-11-21,102.02
2024-11-20,101.95
2024-11-19,101.89
2024-11-18,101.76
2024-11-15,101.63
2024-11-14,102.22
2024-11-13,102.88
2024-11-12,102.96
2024-11-11,103.1
2024-11-08,103.82
2024-11-07,105.22
2024-11-06,104.01
2024-11-05,105.09
2024-11-04,103.91
2024-11-01,102.49
2024-10-31,103.78
2024-10-30,104.08
2024-10-29,104.09
2024-10-28,104.15
2024-10-25,104.23
2024-10-24,104.4
2024-10-23,104.62
2024-10-22,104.94
2024-10-21,105.23
2024-10-18,105.37
2024-10-17,105.36
2024-10-16,106.2
2024-10-15,106.63
2024-10-14,107.11
2024-10-11,106.44
2024-10-10,105.81
2024-10-09,106.53
2024-10-08,106.3
2024-10-07,112.39
2024-10-04,108.84
2024-10-03,108.31
2024-10-02,109.29
2024-10-01,108.74
2024-09-30,93.83
2024-09-27,92.98
2024-09-26,92.54
2024-09-25,92.25
2024-09-24,91.88
2024-09-23,91.6
2024-09-20,91.93
2024-09-19,92.03
2024-09-18,91.57
2024-09-17,91.98
2024-09-16,91.94
2024-09-13,92.26
2024-09-12,93.06
2024-09-11,92.3
2024-09-10,91.28
2024-09-09,91.76
2024-09-06,91.61
2024-09-05,91.3
2024-09-04,92.93
2024-09-03,100.55
2024-08-30,98.7
2024-08-29,98.63
2024-08-28,98.51
2024-08-27,98.45
2024-08-26,98.3
2024-08-23,98.05
2024-08-22,98.19
2024-08-21,98.38
2024-08-20,97.99
2024-08-19,98.1
2024-08-16,97.81
2024-08-15,98.55
2024-08-14,99.2
2024-08-13,100.44
2024-08-12,100.67
2024-08-09,101.26
2024-08-08,100.75
2024-08-07,101.71
2024-08-06,102.86
2024-08-05,104.18
2024-08-02,104.0
2024-08-01,102.83
2024-07-31,105.94
2024-07-30,106.25
2024-07-29,106.59
2024-07-26,106.86
2024-07-25,107.14
2024-07-24,107.47
2024-07-23,107.79
2024-07-22,108.16
2024-07-19,108.45
2024-07-18,108.73
2024-07-17,108.94
2024-07-16,109.39
2024-07-15,109.67
2024-07-12,109.58
2024-07-11,109.58
2024-07-10,108.74
2024-07-09,110.51
2024-07-08,110.02
2024-07-05,111.31
2024-07-03,113.06
2024-07-02,110.32
2024-07-01,108.0
2024-06-28,106.51
2024-06-27,106.51
2024-06-26,106.56
2024-06-25,106.46
2024-06-24,106.55
2024-06-21,106.96
2024-06-20,107.15
2024-06-18,107.11
2024-06-17,107.05
2024-06-14,107.33
2024-06-13,107.12
2024-06-12,106.42
2024-06-11,106.27
2024-06-10,107.38
2024-06-07,108.48
2024-06-06,108.5
2024-06-05,107.02
2024-06-04,107.69
2024-06-03,110.1
2024-05-31,117.52
2024-05-30,117.62
2024-05-29,117.74
2024-05-28,117.68
2024-05-24,117.66
2024-05-23,117.53
2024-05-22,117.64
2024-05-21,117.57
2024-05-20,117.24
2024-05-17,117.02
2024-05-16,116.85
2024-05-15,116.3
2024-05-14,116.65
2024-05-13,117.31
2024-05-10,116.93
2024-05-09,116.96
2024-05-08,116.59
2024-05-07,118.69
2024-05-06,119.56
2024-05-03,118.03
2024-05-02,118.08
2024-05-01,117.21
2024-04-30,110.91
2024-04-29,110.54
2024-04-26,110.16
2024-04-25,109.68
2024-04-24,109.23
2024-04-23,108.76
2024-04-22,108.62
2024-04-19,108.25
2024-04-18,107.95
2024-04-17,107.3
2024-04-16,106.07
2024-04-15,106.05
2024-04-12,106.05
2024-04-11,104.71
2024-04-10,104.02
2024-04-09,104.33
2024-04-08,102.68
2024-04-05,99.97
2024-04-04,99.89
2024-04-03,100.41
2024-04-02,102.91
2024-04-01,102.33
2024-03-28,109.53
2024-03-27,109.84
2024-03-26,110.28
2024-03-25,110.67
2024-03-22,110.64
2024-03-21,110.94
2024-03-20,110.29
2024-03-19,110.71
2024-03-18,110.47
2024-03-15,109.61
2024-03-14,110.94
2024-03-13,111.77
2024-03-12,113.15
2024-03-11,113.0
2024-03-08,117.05
2024-03-07,117.96
2024-03-06,116.96
2024-03-05,116.21
2024-03-04,116.94
2024-03-01,113.89
2024-02-29,124.86
2024-02-28,125.36
2024-02-27,125.84
2024-02-26,126.11
2024-02-23,126.85
2024-02-22,127.82
2024-02-21,127.3
2024-02-20,127.92
2024-02-16,129.29
2024-02-15,129.17
2024-02-14,129.1
2024-02-13,129.02
2024-02-12,128.87
2024-02-09,128.75
2024-02-08,129.07
2024-02-07,127.03
2024-02-06,127.39
2024-02-05,128.94
2024-02-02,128.63
2024-02-01,132.67
2024-01-31,135.13
2024-01-30,135.61
2024-01-29,135.55
2024-01-26,135.55
2024-01-25,135.54
2024-01-24,135.49
2024-01-23,135.48
2024-01-22,135.42
2024-01-19,135.88
2024-01-18,136.08
2024-01-17,135.79
2024-01-16,136.75
2024-01-12,137.22
2024-01-11,138.85
2024-01-10,138.16
2024-01-09,140.52
2024-01-08,140.87
2024-01-05,141.45
2024-01-04,142.95
2024-01-03,144.16
2024-01-02,136.37
2023-12-29,136.37
2023-12-28,136.16
2023-12-27,136.07
2023-12-26,135.75
2023-12-22,135.52
2023-12-21,135.31
2023-12-20,134.85
2023-12-19,134.65
2023-12-18,134.61
2023-12-15,135.08
2023-12-14,135.22
2023-12-13,135.03
2023-12-12,135.66
2023-12-11,135.16
2023-12-08,135.45
2023-12-07,134.4
2023-12-06,132.92
2023-12-05,130.77
2023-12-04,130.46
2023-12-01,130.46
2023-11-30,130.46
2023-11-29,130.38
2023-11-28,130.4
2023-11-27,130.42
2023-11-24,130.16
2023-11-22,129.84
2023-11-21,129.55
2023-11-20,129.31
2023-11-17,128.95
2023-11-16,129.42
2023-11-15,129.25
2023-11-14,128.78
2023-11-13,128.34
2023-11-10,128.07
2023-11-09,127.38
2023-11-08,127.26
2023-11-07,125.95
2023-11-06,126.63
2023-11-03,126.15
2023-11-02,125.57
2023-11-01,122.33
2023-10-31,118.91
2023-10-30,118.7
2023-10-27,118.55
2023-10-26,118.45
2023-10-25,118.48
2023-10-24,118.19
2023-10-23,118.45
2023-10-20,118.65
2023-10-19,119.04
2023-10-18,119.01
2023-10-17,119.31
2023-10-16,119.25
2023-10-13,118.57
2023-10-12,117.42
2023-10-11,118.31
2023-10-10,117.4
2023-10-09,118.18
2023-10-06,117.74
2023-10-05,117.42
2023-10-04,118.03
2023-10-03,118.44
2023-10-02,120.14
2023-09-29,120.79
2023-09-28,120.84
2023-09-27,120.84
2023-09-26,120.93
2023-09-25,121.18
2023-09-22,121.33
2023-09-21,121.69
2023-09-20,121.83
2023-09-19,122.16
2023-09-18,122.2
2023-09-15,121.29
2023-09-14,120.56
2023-09-13,120.53
2023-09-12,120.33
2023-09-11,118.23
2023-09-08,116.9
2023-09-07,117.4
2023-09-06,118.97
2023-09-05,117.13
2023-09-01,118.19
2023-08-31,109.4
2023-08-30,108.99
2023-08-29,108.65
2023-08-28,108.31
2023-08-25,108.21
2023-08-24,107.82
2023-08-23,107.47
2023-08-22,106.77
2023-08-21,106.48
2023-08-18,106.1
2023-08-17,105.64
2023-08-16,104.81
2023-08-15,104.8
2023-08-14,104.63
2023-08-11,105.37
2023-08-10,104.6
2023-08-09,104.7
2023-08-08,104.41
2023-08-07,104.73
2023-08-04,105.18
2023-08-03,104.26
2023-08-02,107.41
2023-08-01,108.32
2023-07-31,112.46
2023-07-28,112.69
2023-07-27,112.9
2023-07-26,112.89
2023-07-25,112.72
2023-07-24,112.51
2023-07-21,112.47
2023-07-20,112.43
2023-07-19,112.08
2023-07-18,112.17
2023-07-17,111.81
2023-07-14,112.38
2023-07-13,110.95
2023-07-12,110.61
2023-07-11,109.34
2023-07-10,109.21
2023-07-07,110.54
2023-07-06,112.27
2023-07-05,111.84
2023-07-03,110.87
2023-06-30,112.57
2023-06-29,112.62
2023-06-28,112.64
2023-06-27,112.6
2023-06-26,112.46
2023-06-23,112.65
2023-06-22,112.85
2023-06-21,112.85
2023-06-20,113.08
2023-06-16,113.02
2023-06-15,112.93
2023-06-14,112.75
2023-06-13,112.45
2023-06-12,111.14
2023-06-09,112.96
2023-06-08,111.43
2023-06-07,109.18
2023-06-06,108.59
2023-06-05,107.38
2023-06-02,106.33
2023-06-01,104.5
2023-05-31,105.07
2023-05-30,105.2
2023-05-26,105.41
2023-05-25,105.6
2023-05-24,105.56
2023-05-23,106.54
2023-05-22,107.16
2023-05-19,107.1
2023-05-18,107.27
2023-05-17,107.38
2023-05-16,106.84
2023-05-15,106.77
2023-05-12,105.16
2023-05-11,104.8
2023-05-10,106.85
2023-05-09,106.05
2023-05-08,107.4
2023-05-05,103.55
2023-05-04,103.87
2023-05-03,105.48
2023-05-02,106.01
2023-05-01,103.61
2023-04-28,116.14
2023-04-27,116.21
2023-04-26,116.71
2023-04-25,117.6
2023-04-24,116.76
2023-04-21,117.21
2023-04-20,119.31
2023-04-19,120.26
2023-04-18,120.34
2023-04-17,120.01
2023-04-14,119.11
2023-04-13,119.92
2023-04-12,120.5
2023-04-11,121.05
2023-04-10,119.75
2023-04-06,119.16
2023-04-05,119.67
2023-04-04,120.24
2023-04-03,122.19
2023-03-31,127.06
2023-03-30,126.01
2023-03-29,126.01
2023-03-28,126.01
2023-03-27,126.01
2023-03-24,126.01
2023-03-23,126.66
2023-03-22,127.73
2023-03-21,128.01
2023-03-20,128.26
2023-03-17,130.0
2023-03-16,128.91
2023-03-15,130.09
2023-03-14,130.04
2023-03-13,130.49
2023-03-10,129.44
2023-03-09,129.48
2023-03-08,127.37
2023-03-07,127.33
2023-03-06,125.5
2023-03-03,126.64
2023-03-02,127.02
2023-03-01,126.8
2023-02-28,125.75
2023-02-27,125.74
2023-02-24,125.85
2023-02-23,125.92
2023-02-22,125.77
2023-02-21,126.34
2023-02-17,124.94
2023-02-16,124.69
2023-02-15,124.34
2023-02-14,124.2
2023-02-13,123.76
2023-02-10,125.14
2023-02-09,124.65
2023-02-08,123.21
2023-02-07,122.75
2023-02-06,124.34
2023-02-03,125.26
2023-02-02,123.95
2023-02-01,126.33
2023-01-31,123.37
2023-01-30,123.08
2023-01-27,122.7
2023-01-26,122.49
2023-01-25,121.93
2023-01-24,121.97
2023-01-23,121.94
2023-01-20,122.16
2023-01-19,121.79
2023-01-18,121.19
2023-01-17,120.95
2023-01-13,122.33
2023-01-12,121.26
2023-01-11,121.02
2023-01-10,119.66
2023-01-09,117.41
2023-01-06,116.57
2023-01-05,114.97
2023-01-04,115.35
2023-01-03,117.79
2022-12-30,111.28
2022-12-29,110.98
2022-12-28,110.8
2022-12-27,110.64
2022-12-23,110.48
2022-12-22,110.43
2022-12-21,110.74
2022-12-20,109.86
2022-12-19,109.56
2022-12-16,110.27
2022-12-15,110.5
2022-12-14,109.26
2022-12-13,109.23
2022-12-12,109.47
2022-12-09,110.48
2022-12-08,109.49
2022-12-07,107.09
2022-12-06,108.49
2022-12-05,107.68
2022-12-02,107.44
2022-12-01,103.1
2022-11-30,93.25
2022-11-29,92.9
2022-11-28,93.04
2022-11-25,92.74
2022-11-23,91.94
2022-11-22,91.45
2022-11-21,91.54
2022-11-18,92.89
2022-11-17,93.09
2022-11-16,92.34
2022-11-15,92.29
2022-11-14,92.09
2022-11-11,90.79
2022-11-10,88.19
2022-11-09,87.51
2022-11-08,85.33
2022-11-07,87.14
2022-11-04,85.16
2022-11-03,83.37
2022-11-02,82.1
2022-11-01,80.03
2022-10-31,92.43
2022-10-28,93.01
2022-10-27,92.81
2022-10-26,93.56
2022-10-25,94.61
2022-10-24,94.51
2022-10-21,94.86
2022-10-20,94.76
2022-10-19,94.86
2022-10-18,95.21
2022-10-17,94.93
2022-10-14,95.93
2022-10-13,95.4
2022-10-12,96.13
2022-10-11,96.97
2022-10-10,97.35
2022-10-07,95.62
2022-10-06,95.46
2022-10-05,95.26
2022-10-04,95.21
2022-10-03,94.22
2022-09-30,98.31
2022-09-29,98.42
2022-09-28,98.52
2022-09-27,98.71
2022-09-26,99.01
2022-09-23,98.89
2022-09-22,98.83
2022-09-21,98.65
2022-09-20,98.8
2022-09-19,98.99
2022-09-16,99.26
2022-09-15,100.39
2022-09-14,100.43
2022-09-13,101.43
2022-09-12,101.41
2022-09-09,100.21
2022-09-08,98.37
2022-09-07,97.19
2022-09-06,97.44
2022-09-02,95.55
2022-09-01,96.29
2022-08-31,104.76
2022-08-30,104.92
2022-08-29,105.28
2022-08-26,105.49
2022-08-25,105.35
2022-08-24,105.55
2022-08-23,105.57
2022-08-22,105.52
2022-08-19,105.64
2022-08-18,106.05
2022-08-17,105.51
2022-08-16,107.37
2022-08-15,107.6
2022-08-12,109.71
2022-08-11,110.41
2022-08-10,109.63
2022-08-09,109.85
2022-08-08,110.38
2022-08-05,109.2
2022-08-04,107.03
2022-08-03,110.11
2022-08-02,113.36
2022-08-01,114.35
2022-07-29,107.22
2022-07-28,106.89
2022-07-27,106.24
2022-07-26,106.01
2022-07-25,105.42
2022-07-22,105.39
2022-07-21,105.27
2022-07-20,104.51
2022-07-19,104.76
2022-07-18,106.69
2022-07-15,104.3
2022-07-14,106.01
2022-07-13,111.05
2022-07-12,109.68
2022-07-11,109.97
2022-07-08,113.74
2022-07-07,115.14
2022-07-06,112.38
2022-07-05,113.61
2022-07-01,114.45
2022-06-30,130.0
2022-06-29,130.46
2022-06-28,131.01
2022-06-27,130.93
2022-06-24,129.71
2022-06-23,131.45
2022-06-22,127.92
2022-06-21,133.47
2022-06-17,135.69
2022-06-16,137.85
2022-06-15,137.17
2022-06-14,140.09
2022-06-13,140.34
2022-06-10,141.51
2022-06-09,143.63
2022-06-08,145.34
2022-06-07,145.88
2022-06-06,144.81
2022-06-03,144.02
2022-06-02,142.35
2022-06-01,136.95
2022-05-31,133.51
2022-05-27,133.17
2022-05-26,132.98
2022-05-25,133.27
2022-05-24,133.31
2022-05-23,133.99
2022-05-20,133.66
2022-05-19,131.92
2022-05-18,130.81
2022-05-17,132.61
2022-05-16,132.96
2022-05-13,132.33
2022-05-12,131.98
2022-05-11,134.26
2022-05-10,131.9
2022-05-09,133.31
2022-05-06,136.91
2022-05-05,144.9
2022-05-04,142.9
2022-05-03,144.08
2022-05-02,144.08
2022-04-29,150.77
2022-04-28,151.19
2022-04-27,151.62
2022-04-26,152.08
2022-04-25,152.47
2022-04-22,154.13
2022-04-21,154.27
2022-04-20,154.41
2022-04-19,154.58
2022-04-18,155.62
2022-04-14,155.69
2022-04-13,154.67
2022-04-12,155.56
2022-04-11,155.94
2022-04-08,154.21
2022-04-07,157.29
2022-04-06,160.08
2022-04-05,161.25
2022-04-04,161.84
2022-04-01,159.85
2022-03-31,150.84
2022-03-30,150.61
2022-03-29,150.14
2022-03-28,150.14
2022-03-25,149.87
2022-03-24,149.63
2022-03-23,149.57
2022-03-22,149.68
2022-03-21,150.47
2022-03-18,150.59
2022-03-17,149.65
2022-03-16,148.85
2022-03-15,144.77
2022-03-14,150.11
2022-03-11,155.36
2022-03-10,156.95
2022-03-09,157.59
2022-03-08,160.96
2022-03-07,158.82
2022-03-04,152.28
2022-03-03,151.11
2022-03-02,146.07
2022-03-01,143.45
2022-02-28,141.99
2022-02-25,141.76
2022-02-24,142.66
2022-02-23,142.96
2022-02-22,143.26
2022-02-18,141.11
2022-02-17,143.88
2022-02-16,142.23
2022-02-15,144.89
2022-02-14,146.76
2022-02-11,150.87
2022-02-10,151.57
2022-02-09,147.64
2022-02-08,148.83
2022-02-07,150.11
2022-02-04,145.45
2022-02-03,145.95
2022-02-02,139.98
2022-02-01,138.79
2022-01-31,131.15
2022-01-28,130.81
2022-01-27,129.96
2022-01-26,129.4
2022-01-25,129.94
2022-01-24,128.74
2022-01-21,129.49
2022-01-20,129.09
2022-01-19,127.41
2022-01-18,127.48
2022-01-14,126.24
2022-01-13,127.84
2022-01-12,128.66
2022-01-11,126.75
2022-01-10,124.48
2022-01-07,126.21
2022-01-06,125.94
2022-01-05,124.14
2022-01-04,120.91
2022-01-03,120.4
2021-12-31,112.5
2021-12-30,112.24
2021-12-29,112.34
2021-12-28,112.29
2021-12-27,112.99
2021-12-23,112.54
2021-12-22,112.54
2021-12-21,113.64
2021-12-20,113.79
2021-12-17,111.64
2021-12-16,111.19
2021-12-15,109.22
2021-12-14,107.04
2021-12-13,108.51
2021-12-10,105.0
2021-12-09,106.49
2021-12-08,106.77
2021-12-07,108.04
2021-12-06,103.74
2021-12-03,101.49
2021-12-02,101.82
2021-12-01,103.17
2021-11-30,94.97
2021-11-29,94.71
2021-11-26,94.44
2021-11-24,94.33
2021-11-23,93.99
2021-11-22,93.39
2021-11-19,92.78
2021-11-18,92.01
2021-11-17,92.76
2021-11-16,92.01
2021-11-15,92.36
2021-11-12,93.4
2021-11-11,93.63
2021-11-10,92.19
2021-11-09,91.98
2021-11-08,94.36
2021-11-05,94.43
2021-11-04,97.17
2021-11-03,99.35
2021-11-02,99.4
2021-11-01,102.58
2021-10-29,121.23
2021-10-28,121.94
2021-10-27,122.36
2021-10-26,122.47
2021-10-25,122.06
2021-10-22,122.5
2021-10-21,122.89
2021-10-20,123.49
2021-10-19,123.3
2021-10-18,123.4
2021-10-15,123.19
2021-10-14,122.83
2021-10-13,122.29
2021-10-12,126.42
2021-10-11,130.24
2021-10-08,122.86
2021-10-07,118.1
2021-10-06,117.68
2021-10-05,117.85
2021-10-04,117.76
2021-10-01,115.76
2021-09-30,119.65
2021-09-29,119.7
2021-09-28,119.89
2021-09-27,120.23
2021-09-24,120.1
2021-09-23,120.45
2021-09-22,120.73
2021-09-21,119.01
2021-09-20,117.01
2021-09-17,123.0
2021-09-16,119.96
2021-09-15,124.16
2021-09-14,128.11
2021-09-13,129.66
2021-09-10,133.18
2021-09-09,133.82
2021-09-08,135.56
2021-09-07,138.99
2021-09-03,144.83
2021-09-02,140.54
2021-09-01,143.08
2021-08-31,159.25
2021-08-30,159.58
2021-08-27,159.68
2021-08-26,159.63
2021-08-25,159.92
2021-08-24,160.07
2021-08-23,159.4
2021-08-20,160.54
2021-08-19,160.38
2021-08-18,159.59
2021-08-17,167.34
2021-08-16,166.96
2021-08-13,167.95
2021-08-12,167.94
2021-08-11,169.06
2021-08-10,168.59
2021-08-09,173.52
2021-08-06,172.01
2021-08-05,171.91
2021-08-04,182.51
2021-08-03,181.01
2021-08-02,181.21
2021-07-30,211.99
2021-07-29,213.52
2021-07-28,214.44
2021-07-27,214.99
2021-07-26,215.16
2021-07-23,216.03
2021-07-22,213.81
2021-07-21,218.37
2021-07-20,219.36
2021-07-19,219.5
2021-07-16,219.77
2021-07-15,218.68
2021-07-14,217.94
2021-07-13,218.26
2021-07-12,217.33
2021-07-09,215.78
2021-07-08,216.32
2021-07-07,218.11
2021-07-06,217.58
2021-07-02,212.46
2021-07-01,213.59
2021-06-30,214.55
2021-06-29,214.36
2021-06-28,215.26
2021-06-25,214.17
2021-06-24,213.75
2021-06-23,213.8
2021-06-22,213.45
2021-06-21,212.75
2021-06-18,214.21
2021-06-17,214.69
2021-06-16,213.53
2021-06-15,213.96
2021-06-14,214.05
2021-06-11,213.13
2021-06-10,211.91
2021-06-09,210.19
2021-06-08,207.84
2021-06-07,202.41
2021-06-04,206.29
2021-06-03,208.0
2021-06-02,204.96
2021-06-01,204.9
2021-05-28,205.73
2021-05-27,206.37
2021-05-26,206.89
2021-05-25,207.01
2021-05-24,208.2
2021-05-21,209.13
2021-05-20,211.15
2021-05-19,211.96
2021-05-18,213.23
2021-05-17,214.99
2021-05-14,210.08
2021-05-13,212.05
2021-05-12,218.38
2021-05-11,215.29
2021-05-10,215.48
2021-05-07,204.35
2021-05-06,197.68
2021-05-05,190.41
2021-05-04,189.72
2021-05-03,185.04
2021-04-30,179.63
2021-04-29,179.31
2021-04-28,178.8
2021-04-27,178.99
2021-04-26,177.58
2021-04-23,176.96
2021-04-22,176.35
2021-04-21,176.2
2021-04-20,178.54
2021-04-19,174.72
2021-04-16,174.89
2021-04-15,173.01
2021-04-14,171.42
2021-04-13,171.04
2021-04-12,171.03
2021-04-09,170.32
2021-04-08,170.45
2021-04-07,169.24
2021-04-06,166.98
2021-04-05,163.89
2021-04-01,163.68
2021-03-31,166.9
2021-03-30,166.99
2021-03-29,166.97
2021-03-26,166.89
2021-03-25,167.05
2021-03-24,167.34
2021-03-23,167.01
2021-03-22,167.37
2021-03-19,168.0
2021-03-18,168.21
2021-03-17,168.21
2021-03-16,168.26
2021-03-15,168.26
2021-03-12,168.26
2021-03-11,171.28
2021-03-10,168.44
2021-03-09,168.43
2021-03-08,173.56
2021-03-05,173.12
2021-03-04,174.94
2021-03-03,174.12
2021-03-02,173.16
2021-03-01,171.74
2021-02-26,165.61
2021-02-25,165.02
2021-02-24,164.53
2021-02-23,164.16
2021-02-22,163.87
2021-02-19,164.07
2021-02-18,164.59
2021-02-17,161.99
2021-02-16,161.0
2021-02-12,159.65
2021-02-11,160.08
2021-02-10,159.74
2021-02-09,158.15
2021-02-08,156.1
2021-02-05,153.9
2021-02-04,155.33
2021-02-03,150.81
2021-02-02,148.42
2021-02-01,154.74
2021-01-29,168.13
2021-01-28,168.63
2021-01-27,169.26
2021-01-26,169.52
2021-01-25,169.78
2021-01-22,169.82
2021-01-21,169.98
2021-01-20,169.85
2021-01-19,170.03
2021-01-15,169.97
2021-01-14,169.8
2021-01-13,169.51
2021-01-12,169.33
2021-01-11,168.99
2021-01-08,169.52
2021-01-07,169.31
2021-01-06,166.76
2021-01-05,166.08
2021-01-04,163.93
2020-12-31,155.84
2020-12-30,155.7
2020-12-29,155.57
2020-12-28,155.35
2020-12-24,155.02
2020-12-23,154.5
2020-12-22,154.49
2020-12-21,155.11
2020-12-18,152.49
2020-12-17,151.37
2020-12-16,150.75
2020-12-15,150.31
2020-12-14,149.6
2020-12-11,152.02
2020-12-10,150.7
2020-12-09,146.28
2020-12-08,145.04
2020-12-07,144.34
2020-12-04,141.53
2020-12-03,135.66
2020-12-02,134.56
2020-12-01,130.81
2020-11-30,124.62
2020-11-27,124.25
2020-11-25,123.63
2020-11-24,123.4
2020-11-23,123.18
2020-11-20,123.35
2020-11-19,122.84
2020-11-18,122.29
2020-11-17,122.0
2020-11-16,121.22
2020-11-13,120.8
2020-11-12,121.0
2020-11-11,121.59
2020-11-10,120.3
2020-11-09,119.84
2020-11-06,117.63
2020-11-05,116.92
2020-11-04,116.84
2020-11-03,116.47
2020-11-02,117.69
2020-10-30,120.19
2020-10-29,120.28
2020-10-28,120.45
2020-10-27,120.63
2020-10-26,120.75
2020-10-23,121.02
2020-10-22,121.34
2020-10-21,121.56
2020-10-20,121.51
2020-10-19,121.53
2020-10-16,121.44
2020-10-15,121.13
2020-10-14,121.48
2020-10-13,122.43
2020-10-12,123.25
2020-10-09,123.49
2020-10-08,122.46
2020-10-07,121.91
2020-10-06,121.84
2020-10-05,121.03
2020-10-02,120.6
2020-10-01,121.43
2020-09-30,123.98
2020-09-29,124.02
2020-09-28,124.21
2020-09-25,123.81
2020-09-24,123.97
2020-09-23,124.79
2020-09-22,125.73
2020-09-21,126.01
2020-09-18,127.09
2020-09-17,126.59
2020-09-16,126.01
2020-09-15,128.01
2020-09-14,128.86
2020-09-11,127.43
2020-09-10,126.77
2020-09-09,126.78
2020-09-08,128.03
2020-09-04,127.53
2020-09-03,128.38
2020-09-02,126.06
2020-09-01,123.68
2020-08-31,122.53
2020-08-28,122.45
2020-08-27,122.39
2020-08-26,122.46
2020-08-25,122.34
2020-08-24,122.57
2020-08-21,122.79
2020-08-20,123.74
2020-08-19,122.47
2020-08-18,122.75
2020-08-17,120.46
2020-08-14,120.14
2020-08-13,119.86
2020-08-12,120.19
2020-08-11,119.28
2020-08-10,118.34
2020-08-07,118.07
2020-08-06,118.89
2020-08-05,116.27
2020-08-04,115.55
2020-08-03,114.21
2020-07-31,108.9
2020-07-30,108.05
2020-07-29,107.88
2020-07-28,107.72
2020-07-27,107.46
2020-07-24,107.69
2020-07-23,107.78
2020-07-22,108.04
2020-07-21,107.58
2020-07-20,107.18
2020-07-17,107.22
2020-07-16,107.2
2020-07-15,107.57
2020-07-14,107.45
2020-07-13,106.93
2020-07-10,105.59
2020-07-09,104.61
2020-07-08,105.03
2020-07-07,103.04
2020-07-06,101.54
2020-07-02,98.94
2020-07-01,98.01
2020-06-30,102.95
2020-06-29,103.06
2020-06-26,103.23
2020-06-25,103.08
2020-06-24,103.12
2020-06-23,102.85
2020-06-22,102.93
2020-06-19,103.04
2020-06-18,103.05
2020-06-17,103.18
2020-06-16,103.46
2020-06-15,103.07
2020-06-12,103.59
2020-06-11,102.75
2020-06-10,102.89
2020-06-09,102.98
2020-06-08,103.41
2020-06-05,100.26
2020-06-04,98.85
2020-06-03,100.4
2020-06-02,100.67
2020-06-01,99.16
2020-05-29,92.54
2020-05-28,92.05
2020-05-27,91.81
2020-05-26,91.64
2020-05-22,91.42
2020-05-21,91.2
2020-05-20,91.13
2020-05-19,90.65
2020-05-18,91.49
2020-05-15,89.5
2020-05-14,88.74
2020-05-13,88.35
2020-05-12,87.81
2020-05-11,86.69
2020-05-08,86.84
2020-05-07,85.93
2020-05-06,83.29
2020-05-05,83.06
2020-05-04,82.15
2020-05-01,82.5
2020-04-30,83.84
2020-04-29,83.83
2020-04-28,83.88
2020-04-27,83.96
2020-04-24,83.98
2020-04-23,84.04
2020-04-22,84.13
2020-04-21,83.92
2020-04-20,84.43
2020-04-17,84.17
2020-04-16,84.04
2020-04-15,84.22
2020-04-14,84.25
2020-04-13,83.84
2020-04-09,83.35
2020-04-08,82.87
2020-04-07,81.9
2020-04-06,82.49
2020-04-03,82.38
2020-04-02,81.73
2020-04-01,80.34
2020-03-31,88.02
2020-03-30,88.22
2020-03-27,88.49
2020-03-26,88.6
2020-03-25,88.77
2020-03-24,88.46
2020-03-23,88.55
2020-03-20,89.57
2020-03-19,89.97
2020-03-18,90.44
2020-03-17,89.95
2020-03-16,89.99
2020-03-13,90.13
2020-03-12,89.48
2020-03-11,89.59
2020-03-10,90.15
2020-03-09,88.07
2020-03-06,89.18
2020-03-05,90.12
2020-03-04,89.63
2020-03-03,87.14
2020-03-02,87.1
2020-02-28,86.46
2020-02-27,86.58
2020-02-26,86.67
2020-02-25,86.73
2020-02-24,86.56
2020-02-21,86.42
2020-02-20,86.15
2020-02-19,85.7
2020-02-18,85.43
2020-02-14,84.86
2020-02-13,85.14
2020-02-12,84.47
2020-02-11,83.36
2020-02-10,81.25
2020-02-07,81.65
2020-02-06,80.96
2020-02-05,79.87
2020-02-04,81.63
2020-02-03,78.33
2020-01-31,92.44
2020-01-30,92.9
2020-01-29,93.34
2020-01-28,93.6
2020-01-27,94.01
2020-01-24,94.35
2020-01-23,94.4
2020-01-22,94.76
2020-01-21,94.8
2020-01-17,94.81
2020-01-16,94.55
2020-01-15,94.59
2020-01-14,94.83
2020-01-13,94.03
2020-01-10,93.56
2020-01-09,93.57
2020-01-08,94.61
2020-01-07,93.73
2020-01-06,93.85
2020-01-03,93.41
2020-01-02,92.58
2019-12-31,91.53
2019-12-30,91.52
2019-12-27,91.55
2019-12-26,91.61
2019-12-24,91.7
2019-12-23,91.72
2019-12-20,91.74
2019-12-19,92.0
2019-12-18,91.99
2019-12-17,92.09
2019-12-16,92.1
2019-12-13,92.27
2019-12-12,92.04
2019-12-11,92.05
2019-12-10,91.36
2019-12-09,92.04
2019-12-06,88.56
2019-12-05,88.34
2019-12-04,88.27
2019-12-03,87.65
2019-12-02,88.11
2019-11-29,84.68
2019-11-27,84.42
2019-11-26,84.35
2019-11-25,84.29
2019-11-22,83.79
2019-11-21,83.55
2019-11-20,83.35
2019-11-19,83.19
2019-11-18,82.93
2019-11-15,82.8
2019-11-14,82.52
2019-11-13,81.26
2019-11-12,81.36
2019-11-11,80.3
2019-11-08,80.36
2019-11-07,82.55
2019-11-06,82.98
2019-11-05,82.85
2019-11-04,82.85
2019-11-01,83.55
2019-10-31,89.55
2019-10-30,89.8
2019-10-29,90.03
2019-10-28,90.23
2019-10-25,90.22
2019-10-24,90.11
2019-10-23,90.45
2019-10-22,90.53
2019-10-21,90.58
2019-10-18,90.76
2019-10-17,90.01
2019-10-16,91.4
2019-10-15,92.62
2019-10-14,92.23
2019-10-11,92.86
2019-10-10,93.01
2019-10-09,91.59
2019-10-08,93.53
2019-10-07,92.55
2019-10-04,92.18
2019-10-03,92.26
2019-10-02,92.26
2019-10-01,92.16
2019-09-30,92.91
2019-09-27,92.89
2019-09-26,92.95
2019-09-25,92.97
2019-09-24,93.21
2019-09-23,93.49
2019-09-20,93.38
2019-09-19,93.46
2019-09-18,93.97
2019-09-17,94.03
2019-09-16,94.37
2019-09-13,94.77
2019-09-12,94.14
2019-09-11,92.34
2019-09-10,91.37
2019-09-09,91.23
2019-09-06,89.44
2019-09-05,90.72
2019-09-04,91.57
2019-09-03,89.55
2019-08-30,90.91
2019-08-29,91.16
2019-08-28,91.63
2019-08-27,92.06
2019-08-26,92.45
2019-08-23,92.88
2019-08-22,92.73
2019-08-21,92.01
2019-08-20,94.02
2019-08-19,94.36
2019-08-16,93.61
2019-08-15,93.76
2019-08-14,95.71
2019-08-13,95.11
2019-08-12,95.01
2019-08-09,93.61
2019-08-08,97.37
2019-08-07,96.56
2019-08-06,99.51
2019-08-05,100.34
2019-08-02,106.51
2019-08-01,112.02
2019-07-31,120.02
2019-07-30,120.09
2019-07-29,120.02
2019-07-26,120.11
2019-07-25,120.09
2019-07-24,120.25
2019-07-23,120.42
2019-07-22,120.01
2019-07-19,120.99
2019-07-18,120.87
2019-07-17,121.14
2019-07-16,121.19
2019-07-15,121.18
2019-07-12,120.25
2019-07-11,120.32
2019-07-10,120.84
2019-07-09,121.35
2019-07-08,119.17
2019-07-05,117.1
2019-07-03,123.16
2019-07-02,123.19
2019-07-01,119.45
2019-06-28,109.18
2019-06-27,108.72
2019-06-26,109.19
2019-06-25,107.93
2019-06-24,108.99
2019-06-21,107.54
2019-06-20,107.21
2019-06-19,106.2
2019-06-18,105.79
2019-06-17,104.17
2019-06-14,104.33
2019-06-13,106.29
2019-06-12,102.99
2019-06-11,102.76
2019-06-10,99.26
2019-06-07,97.78
2019-06-06,97.76
2019-06-05,98.32
2019-06-04,98.39
2019-06-03,96.28
2019-05-31,98.76
2019-05-30,98.72
2019-05-29,98.59
2019-05-28,98.38
2019-05-24,98.14
2019-05-23,97.31
2019-05-22,97.04
2019-05-21,96.56
2019-05-20,96.38
2019-05-17,96.34
2019-05-16,96.13
2019-05-15,94.82
2019-05-14,93.88
2019-05-13,94.38
2019-05-10,95.08
2019-05-09,94.24
2019-05-08,94.19
2019-05-07,94.75
2019-05-06,93.51
2019-05-03,93.81
2019-05-02,93.6
2019-05-01,93.65
2019-04-30,93.24
2019-04-29,93.17
2019-04-26,93.16
2019-04-25,93.14
2019-04-24,92.95
2019-04-23,93.29
2019-04-22,93.2
2019-04-18,92.91
2019-04-17,92.96
2019-04-16,93.44
2019-04-15,93.97
2019-04-12,93.79
2019-04-11,93.6
2019-04-10,92.6
2019-04-09,92.72
2019-04-08,93.63
2019-04-05,91.81
2019-04-04,92.53
2019-04-03,92.15
2019-04-02,89.5
2019-04-01,87.52
2019-03-29,85.7
2019-03-28,85.64
2019-03-27,85.72
2019-03-26,85.8
2019-03-25,85.82
2019-03-22,85.89
2019-03-21,85.65
2019-03-20,85.41
2019-03-19,86.23
2019-03-18,86.28
2019-03-15,86.12
2019-03-14,85.98
2019-03-13,85.01
2019-03-12,85.31
2019-03-11,84.53
2019-03-08,85.15
2019-03-07,86.76
2019-03-06,85.79
2019-03-05,86.51
2019-03-04,85.42
2019-03-01,85.98
2019-02-28,87.33
2019-02-27,87.47
2019-02-26,87.7
2019-02-25,87.94
2019-02-22,88.16
2019-02-21,88.03
2019-02-20,88.46
2019-02-19,88.53
2019-02-15,88.56
2019-02-14,88.35
2019-02-13,88.02
2019-02-12,88.44
2019-02-11,90.82
2019-02-08,92.13
2019-02-07,92.29
2019-02-06,88.98
2019-02-05,88.16
2019-02-04,86.53
2019-02-01,86.93
2019-01-31,76.03
2019-01-30,75.6
2019-01-29,75.49
2019-01-28,75.3
2019-01-25,74.64
2019-01-24,74.61
2019-01-23,74.58
2019-01-22,74.55
2019-01-18,75.15
2019-01-17,74.51
2019-01-16,74.43
2019-01-15,74.31
2019-01-14,74.21
2019-01-11,74.22
2019-01-10,73.98
2019-01-09,74.06
2019-01-08,74.21
2019-01-07,74.15
2019-01-04,73.09
2019-01-03,72.23
2019-01-02,71.06
2018-12-31,69.2
2018-12-28,69.2
2018-12-27,69.0
2018-12-26,68.83
2018-12-24,68.79
2018-12-21,68.99
2018-12-20,69.12
2018-12-19,68.69
2018-12-18,68.49
2018-12-17,68.12
2018-12-14,67.89
2018-12-13,67.26
2018-12-12,66.82
2018-12-11,66.74
2018-12-10,66.51
2018-12-07,66.76
2018-12-06,66.0
2018-12-05,67.55
2018-12-04,66.83
2018-12-03,65.57
2018-11-30,72.28
2018-11-29,72.6
2018-11-28,72.92
2018-11-27,73.14
2018-11-26,73.58
2018-11-23,74.21
2018-11-21,74.86
2018-11-20,74.88
2018-11-19,75.3
2018-11-16,75.08
2018-11-15,74.95
2018-11-14,74.81
2018-11-13,74.98
2018-11-12,75.27
2018-11-09,75.58
2018-11-08,75.01
2018-11-07,74.18
2018-11-06,74.18
2018-11-05,73.9
2018-11-02,72.92
2018-11-01,72.99
2018-10-31,72.81
2018-10-30,72.7
2018-10-29,72.58
2018-10-26,72.41
2018-10-25,72.22
2018-10-24,72.05
2018-10-23,71.79
2018-10-22,71.71
2018-10-19,71.4
2018-10-18,71.4
2018-10-17,71.4
2018-10-16,70.58
2018-10-15,70.56
2018-10-12,70.49
2018-10-11,70.24
2018-10-10,70.39
2018-10-09,70.09
2018-10-08,69.29
2018-10-05,69.24
2018-10-04,68.51
2018-10-03,69.08
2018-10-02,68.84
2018-10-01,68.4
2018-09-28,68.73
2018-09-27,68.69
2018-09-26,68.66
2018-09-25,68.62
2018-09-24,68.68
2018-09-21,68.69
2018-09-20,68.67
2018-09-19,68.67
2018-09-18,68.59
2018-09-17,68.57
2018-09-14,68.43
2018-09-13,68.31
2018-09-12,67.98
2018-09-11,67.78
2018-09-10,68.17
2018-09-07,68.07
2018-09-06,68.13
2018-09-05,67.22
2018-09-04,66.64
2018-08-31,67.16
2018-08-30,67.21
2018-08-29,67.28
2018-08-28,67.35
2018-08-27,67.42
2018-08-24,67.48
2018-08-23,67.54
2018-08-22,67.69
2018-08-21,67.65
2018-08-20,67.95
2018-08-17,67.99
2018-08-16,67.59
2018-08-15,67.72
2018-08-14,67.96
2018-08-13,68.55
2018-08-10,68.58
2018-08-09,68.94
2018-08-08,68.81
2018-08-07,69.35
2018-08-06,69.08
2018-08-03,68.24
2018-08-02,66.86
2018-08-01,66.66
2018-07-31,64.35
2018-07-30,64.2
2018-07-27,64.08
2018-07-26,63.93
2018-07-25,63.87
2018-07-24,63.83
2018-07-23,63.73
2018-07-20,63.61
2018-07-19,63.58
2018-07-18,63.3
2018-07-17,63.1
2018-07-16,63.33
2018-07-13,63.24
2018-07-12,63.21
2018-07-11,63.18
2018-07-10,63.19
2018-07-09,63.13
2018-07-06,62.99
2018-07-05,63.06
2018-07-03,64.09
2018-07-02,64.13
2018-06-29,64.8
2018-06-28,64.81
2018-06-27,64.85
2018-06-26,64.91
2018-06-25,64.88
2018-06-22,64.89
2018-06-21,64.93
2018-06-20,65.01
2018-06-19,65.01
2018-06-18,65.3
2018-06-15,65.39
2018-06-14,65.56
2018-06-13,65.34
2018-06-12,65.4
2018-06-11,65.18
2018-06-08,64.74
2018-06-07,65.17
2018-06-06,65.17
2018-06-05,64.78
2018-06-04,64.56
2018-06-01,64.53
2018-05-31,65.95
2018-05-30,66.02
2018-05-29,66.27
2018-05-25,66.26
2018-05-24,66.36
2018-05-23,66.35
2018-05-22,66.51
2018-05-21,66.85
2018-05-18,67.03
2018-05-17,67.26
2018-05-16,67.3
2018-05-15,67.58
2018-05-14,67.59
2018-05-11,67.49
2018-05-10,66.49
2018-05-09,66.2
2018-05-08,66.99
2018-05-07,66.69
2018-05-04,66.98
2018-05-03,66.72
2018-05-02,67.44
2018-05-01,65.49
2018-04-30,65.27
2018-04-27,65.27
2018-04-26,65.29
2018-04-25,65.22
2018-04-24,65.25
2018-04-23,65.19
2018-04-20,65.05
2018-04-19,65.49
2018-04-18,64.69
2018-04-17,64.27
2018-04-16,64.11
2018-04-13,64.62
2018-04-12,64.19
2018-04-11,64.28
2018-04-10,65.29
2018-04-09,63.92
2018-04-06,63.34
2018-04-05,62.67
2018-04-04,62.94
2018-04-03,64.35
2018-04-02,66.22
2018-03-29,69.7
2018-03-28,69.86
2018-03-27,70.35
2018-03-26,70.51
2018-03-23,70.26
2018-03-22,70.96
2018-03-21,71.55
2018-03-20,71.63
2018-03-19,71.84
2018-03-16,72.66
2018-03-15,73.01
2018-03-14,72.76
2018-03-13,72.33
2018-03-12,71.41
2018-03-09,72.01
2018-03-08,73.01
2018-03-07,74.51
2018-03-06,75.54
2018-03-05,75.36
2018-03-02,76.36
2018-03-01,78.42
2018-02-28,77.46
2018-02-27,77.37
2018-02-26,77.44
2018-02-23,77.11
2018-02-22,77.06
2018-02-21,77.18
2018-02-20,76.97
2018-02-16,76.89
2018-02-15,76.76
2018-02-14,76.67
2018-02-13,76.49
2018-02-12,75.65
2018-02-09,74.89
2018-02-08,75.69
2018-02-07,75.2
2018-02-06,74.43
2018-02-05,74.34
2018-02-02,72.94
2018-02-01,71.99
2018-01-31,75.86
2018-01-30,75.99
2018-01-29,76.1
2018-01-26,76.21
2018-01-25,76.21
2018-01-24,76.21
2018-01-23,75.96
2018-01-22,76.6
2018-01-19,76.68
2018-01-18,76.18
2018-01-17,76.27
2018-01-16,76.51
2018-01-12,77.37
2018-01-11,77.72
2018-01-10,77.4
2018-01-09,77.62
2018-01-08,76.99
2018-01-05,75.39
2018-01-04,74.61
2018-01-03,73.43
2018-01-02,73.9
2017-12-29,71.28
2017-12-28,71.28
2017-12-27,71.12
2017-12-26,71.01
2017-12-22,70.87
2017-12-21,70.71
2017-12-20,70.45
2017-12-19,70.4
2017-12-18,70.47
2017-12-15,69.09
2017-12-14,68.99
2017-12-13,69.34
2017-12-12,68.97
2017-12-11,68.61
2017-12-08,68.47
2017-12-07,67.41
2017-12-06,67.46
2017-12-05,69.88
2017-12-04,71.02
2017-12-01,70.43
2017-11-30,63.36
2017-11-29,63.15
2017-11-28,63.14
2017-11-27,63.09
2017-11-24,62.55
2017-11-22,62.99
2017-11-21,62.05
2017-11-20,61.77
2017-11-17,61.49
2017-11-16,61.6
2017-11-15,61.22
2017-11-14,61.79
2017-11-13,61.99
2017-11-10,61.79
2017-11-09,61.41
2017-11-08,62.59
2017-11-07,61.59
2017-11-06,62.74
2017-11-03,59.56
2017-11-02,59.45
2017-11-01,58.62
2017-10-31,60.31
2017-10-30,60.4
2017-10-27,60.53
2017-10-26,60.67
2017-10-25,60.72
2017-10-24,60.73
2017-10-23,60.7
2017-10-20,60.69
2017-10-19,60.39
2017-10-18,61.1
2017-10-17,60.89
2017-10-16,61.16
2017-10-13,60.63
2017-10-12,59.83
2017-10-11,59.26
2017-10-10,60.18
2017-10-09,61.26
2017-10-06,63.27
2017-10-05,62.84
2017-10-04,62.95
2017-10-03,62.86
2017-10-02,62.43
2017-09-29,69.77
2017-09-28,70.0
2017-09-27,70.56
2017-09-26,70.94
2017-09-25,70.5
2017-09-22,71.55
2017-09-21,72.06
2017-09-20,71.96
2017-09-19,71.8
2017-09-18,73.84
2017-09-15,73.5
2017-09-14,73.7
2017-09-13,74.94
2017-09-12,75.22
2017-09-11,74.78
2017-09-08,74.71
2017-09-07,75.36
2017-09-06,76.27
2017-09-05,77.68
2017-09-01,77.77
2017-08-31,75.11
2017-08-30,75.08
2017-08-29,75.05
2017-08-28,75.03
2017-08-25,74.97
2017-08-24,74.99
2017-08-23,74.82
2017-08-22,74.89
2017-08-21,74.39
2017-08-18,74.4
2017-08-17,74.14
2017-08-16,73.36
2017-08-15,73.35
2017-08-14,73.45
2017-08-11,73.76
2017-08-10,74.88
2017-08-09,74.8
2017-08-08,75.37
2017-08-07,74.65
2017-08-04,73.48
2017-08-03,72.37
2017-08-02,72.06
2017-08-01,71.57
2017-07-31,66.22
2017-07-28,65.87
2017-07-27,65.74
2017-07-26,65.54
2017-07-25,65.59
2017-07-24,65.39
2017-07-21,65.19
2017-07-20,65.49
2017-07-19,65.99
2017-07-18,65.74
2017-07-17,65.99
2017-07-14,64.92
2017-07-13,64.16
2017-07-12,64.09
2017-07-11,64.48
2017-07-10,63.11
2017-07-07,62.85
2017-07-06,62.11
2017-07-05,63.03
2017-07-03,65.0
2017-06-30,56.01
2017-06-29,55.79
2017-06-28,55.7
2017-06-27,55.25
2017-06-26,54.75
2017-06-23,54.73
2017-06-22,54.66
2017-06-21,54.65
2017-06-20,54.71
2017-06-19,54.8
2017-06-16,54.7
2017-06-15,54.51
2017-06-14,54.5
2017-06-13,54.01
2017-06-12,54.77
2017-06-09,54.52
2017-06-08,54.9
2017-06-07,55.13
2017-06-06,55.67
2017-06-05,55.49
2017-06-02,56.27
2017-06-01,55.39
2017-05-31,60.71
2017-05-30,60.93
2017-05-26,61.25
2017-05-25,61.4
2017-05-24,61.5
2017-05-23,61.9
2017-05-22,61.94
2017-05-19,61.91
2017-05-18,61.51
2017-05-17,62.04
2017-05-16,61.48
2017-05-15,61.2
2017-05-12,61.45
2017-05-11,62.01
2017-05-10,62.63
2017-05-09,61.37
2017-05-08,60.72
2017-05-05,62.49
2017-05-04,63.88
2017-05-03,67.33
2017-05-02,68.72
2017-05-01,68.0
2017-04-28,69.97
2017-04-27,70.1
2017-04-26,70.26
2017-04-25,70.44
2017-04-24,70.67
2017-04-21,70.93
2017-04-20,70.89
2017-04-19,70.95
2017-04-18,70.74
2017-04-17,72.08
2017-04-13,73.02
2017-04-12,73.43
2017-04-11,74.89
2017-04-10,75.28
2017-04-07,76.91
2017-04-06,78.92
2017-04-05,79.44
2017-04-04,79.36
2017-04-03,78.45
2017-03-31,86.84
2017-03-30,87.19
2017-03-29,87.44
2017-03-28,87.63
2017-03-27,87.91
2017-03-24,88.35
2017-03-23,88.51
2017-03-22,88.59
2017-03-21,88.99
2017-03-20,89.42
2017-03-17,89.47
2017-03-16,89.5
2017-03-15,89.03
2017-03-14,88.04
2017-03-13,87.51
2017-03-10,86.44
2017-03-09,86.35
2017-03-08,86.55
2017-03-07,86.89
2017-03-06,86.73
2017-03-03,87.57
2017-03-02,88.56
2017-03-01,87.62
2017-02-28,88.07
2017-02-27,87.89
2017-02-24,87.57
2017-02-23,87.41
2017-02-22,87.48
2017-02-21,87.28
2017-02-17,86.4
2017-02-16,85.72
2017-02-15,85.86
2017-02-14,85.91
2017-02-13,85.93
2017-02-10,84.11
2017-02-09,81.92
2017-02-08,81.88
2017-02-07,81.02
2017-02-06,79.15
2017-02-03,80.15
2017-02-02,83.82
2017-02-01,83.12
2017-01-31,80.4
2017-01-30,80.3
2017-01-27,80.3
2017-01-26,80.22
2017-01-25,80.13
2017-01-24,80.05
2017-01-23,79.69
2017-01-20,79.51
2017-01-19,79.64
2017-01-18,79.66
2017-01-17,79.83
2017-01-13,78.69
2017-01-12,78.83
2017-01-11,78.65
2017-01-10,78.27
2017-01-09,77.09
2017-01-06,75.73
2017-01-05,76.46
2017-01-04,74.66
2017-01-03,74.37
2016-12-30,79.75
2016-12-29,79.76
2016-12-28,79.75
2016-12-27,79.72
2016-12-23,79.75
2016-12-22,79.8
2016-12-21,80.0
2016-12-20,79.97
2016-12-19,79.62
2016-12-16,79.89
2016-12-15,79.94
2016-12-14,79.58
2016-12-13,80.47
2016-12-12,80.25
2016-12-09,78.89
2016-12-08,79.44
2016-12-07,79.2
2016-12-06,76.72
2016-12-05,76.2
2016-12-02,74.57
2016-12-01,75.54
2016-11-30,72.25
2016-11-29,72.26
2016-11-28,72.15
2016-11-25,71.81
2016-11-23,71.22
2016-11-22,70.88
2016-11-21,70.0
2016-11-18,70.2
2016-11-17,70.33
2016-11-16,70.41
2016-11-15,70.04
2016-11-14,72.23
2016-11-11,73.35
2016-11-10,69.74
2016-11-09,68.34
2016-11-08,65.99
2016-11-07,65.91
2016-11-04,63.67
2016-11-03,63.79
2016-11-02,62.59
2016-11-01,63.56
2016-10-31,62.77
2016-10-28,57.72
2016-10-27,57.47
2016-10-26,57.24
2016-10-25,56.96
2016-10-24,56.74
2016-10-21,56.6
2016-10-20,56.58
2016-10-19,56.46
2016-10-18,56.38
2016-10-17,56.33
2016-10-14,56.14
2016-10-13,55.79
2016-10-12,55.84
2016-10-11,55.78
2016-10-10,55.67
2016-10-07,54.97
2016-10-06,55.18
2016-10-05,55.27
2016-10-04,55.15
2016-10-03,55.11
2016-09-30,56.63
2016-09-29,56.71
2016-09-28,56.74
2016-09-27,56.78
2016-09-26,56.85
2016-09-23,56.86
2016-09-22,56.9
2016-09-21,56.88
2016-09-20,57.0
2016-09-19,56.92
2016-09-16,57.03
2016-09-15,57.15
2016-09-14,57.25
2016-09-13,57.43
2016-09-12,57.49
2016-09-09,57.87
2016-09-08,57.67
2016-09-07,57.47
2016-09-06,58.35
2016-09-02,58.05
2016-09-01,57.95
2016-08-31,60.43
2016-08-30,60.5
2016-08-29,60.58
2016-08-26,60.69
2016-08-25,60.77
2016-08-24,60.78
2016-08-23,60.78
2016-08-22,60.67
2016-08-19,60.59
2016-08-18,60.38
2016-08-17,60.15
2016-08-16,60.45
2016-08-15,59.66
2016-08-12,59.83
2016-08-11,59.73
2016-08-10,60.25
2016-08-09,60.32
2016-08-08,60.99
2016-08-05,60.19
2016-08-04,59.05
2016-08-03,59.48
2016-08-02,59.88
2016-08-01,59.78
2016-07-29,56.61
2016-07-28,56.5
2016-07-27,56.34
2016-07-26,56.25
2016-07-25,56.15
2016-07-22,56.04
2016-07-21,56.13
2016-07-20,55.78
2016-07-19,55.65
2016-07-18,55.71
2016-07-15,56.34
2016-07-14,56.11
2016-07-13,56.36
2016-07-12,55.56
2016-07-11,54.53
2016-07-08,54.24
2016-07-07,53.72
2016-07-06,52.88
2016-07-05,54.16
2016-07-01,52.73
2016-06-30,51.36
2016-06-29,51.23
2016-06-28,51.12
2016-06-27,51.03
2016-06-24,50.83
2016-06-23,50.87
2016-06-22,50.83
2016-06-21,50.58
2016-06-20,50.54
2016-06-17,50.55
2016-06-16,50.38
2016-06-15,50.27
2016-06-14,50.19
2016-06-13,50.92
2016-06-10,50.86
2016-06-09,50.7
2016-06-08,50.3
2016-06-07,50.37
2016-06-06,50.17
2016-06-03,48.19
2016-06-02,47.69
2016-06-01,47.46
2016-05-31,54.49
2016-05-27,54.94
2016-05-26,55.13
2016-05-25,55.42
2016-05-24,55.65
2016-05-23,55.78
2016-05-20,56.0
2016-05-19,56.11
2016-05-18,56.21
2016-05-17,56.55
2016-05-16,55.59
2016-05-13,55.49
2016-05-12,55.66
2016-05-11,56.51
2016-05-10,56.23
2016-05-09,55.84
2016-05-06,58.3
2016-05-05,58.33
2016-05-04,59.32
2016-05-03,60.63
2016-05-02,64.0
2016-04-29,59.58
2016-04-28,59.3
2016-04-27,59.13
2016-04-26,59.1
2016-04-25,58.95
2016-04-22,58.7
2016-04-21,58.5
2016-04-20,58.03
2016-04-19,57.41
2016-04-18,56.98
2016-04-15,56.09
2016-04-14,56.17
2016-04-13,56.6
2016-04-12,56.07
2016-04-11,54.8
2016-04-08,53.45
2016-04-07,53.27
2016-04-06,52.73
2016-04-05,53.17
2016-04-04,53.92
2016-04-01,53.17
2016-03-31,55.52
2016-03-30,55.64
2016-03-29,55.75
2016-03-28,55.79
2016-03-24,55.82
2016-03-23,55.78
2016-03-22,55.77
2016-03-21,55.74
2016-03-18,55.54
2016-03-17,55.22
2016-03-16,54.92
2016-03-15,54.39
2016-03-14,55.1
2016-03-11,55.32
2016-03-10,55.84
2016-03-09,55.65
2016-03-08,56.3
2016-03-07,58.81
2016-03-04,52.11
2016-03-03,50.39
2016-03-02,50.84
2016-03-01,49.27
2016-02-29,46.33
2016-02-26,46.21
2016-02-25,46.06
2016-02-24,45.96
2016-02-23,45.78
2016-02-22,45.59
2016-02-19,45.19
2016-02-18,44.89
2016-02-17,44.54
2016-02-16,44.43
2016-02-12,43.42
2016-02-11,43.33
2016-02-10,43.32
2016-02-09,43.76
2016-02-08,44.04
2016-02-05,44.04
2016-02-04,44.04
2016-02-03,43.68
2016-02-02,43.18
2016-02-01,42.6
2016-01-29,41.17
2016-01-28,41.15
2016-01-27,41.13
2016-01-26,41.11
2016-01-25,41.11
2016-01-22,41.11
2016-01-21,41.09
2016-01-20,41.19
2016-01-19,41.32
2016-01-15,40.79
2016-01-14,40.59
2016-01-13,40.42
2016-01-12,40.33
2016-01-11,40.47
2016-01-08,41.06
2016-01-07,41.14
2016-01-06,41.12
2016-01-05,41.69
2016-01-04,41.95
2015-12-31,39.58
2015-12-30,39.41
2015-12-29,39.27
2015-12-28,39.27
2015-12-24,39.08
2015-12-23,39.02
2015-12-22,38.98
2015-12-21,38.98
2015-12-18,38.97
2015-12-17,38.79
2015-12-16,38.66
2015-12-15,38.54
2015-12-14,38.69
2015-12-11,38.65
2015-12-10,38.61
2015-12-09,39.09
2015-12-08,39.25
2015-12-07,39.4
2015-12-04,39.15
2015-12-03,39.01
2015-12-02,39.36
2015-12-01,39.75
2015-11-30,46.1
2015-11-27,46.27
2015-11-25,46.53
2015-11-24,46.66
2015-11-23,46.81
2015-11-20,46.91
2015-11-19,46.91
2015-11-18,47.08
2015-11-17,47.22
2015-11-16,47.6
2015-11-13,47.66
2015-11-12,47.74
2015-11-11,47.82
2015-11-10,47.7
2015-11-09,47.91
2015-11-06,47.08
2015-11-05,46.86
2015-11-04,47.45
2015-11-03,46.59
2015-11-02,47.31
2015-10-29,52.9
2015-10-28,53.09
2015-10-27,53.28
2015-10-26,53.4
2015-10-23,53.47
2015-10-22,53.57
2015-10-21,53.66
2015-10-20,53.89
2015-10-19,53.77
2015-10-16,53.65
2015-10-15,53.87
2015-10-14,54.0
2015-10-13,54.04
2015-10-12,54.43
2015-10-09,54.17
2015-10-08,53.8
2015-10-07,53.61
2015-10-06,53.69
2015-10-05,53.59
2015-10-02,52.83
2015-10-01,52.78
2015-09-30,56.35
2015-09-29,56.46
2015-09-28,56.54
2015-09-25,56.57
2015-09-24,56.59
2015-09-23,56.59
2015-09-22,56.54
2015-09-21,56.56
2015-09-18,56.42
2015-09-17,56.36
2015-09-16,56.23
2015-09-15,55.99
2015-09-14,56.43
2015-09-11,56.82
2015-09-10,57.35
2015-09-09,56.59
2015-09-08,55.45
2015-09-04,55.51
2015-09-03,55.47
2015-09-02,54.93
2015-09-01,54.95
2015-08-31,55.28
2015-08-28,55.25
2015-08-27,55.22
2015-08-26,55.28
2015-08-25,55.37
2015-08-24,55.48
2015-08-21,55.71
2015-08-20,55.65
2015-08-19,55.63
2015-08-18,55.55
2015-08-17,55.32
2015-08-14,55.52
2015-08-13,55.31
2015-08-12,54.41
2015-08-11,53.95
2015-08-10,54.17
2015-08-07,54.21
2015-08-06,54.95
2015-08-05,55.3
2015-08-04,53.83
2015-08-03,53.59
2015-07-30,51.51
2015-07-29,51.36
2015-07-28,51.22
2015-07-27,51.13
2015-07-24,51.08
2015-07-23,51.17
2015-07-22,51.09
2015-07-21,51.28
2015-07-20,51.25
2015-07-17,50.73
2015-07-16,50.61
2015-07-15,50.68
2015-07-14,50.69
2015-07-13,50.54
2015-07-10,50.5
2015-07-09,49.87
2015-07-08,47.75
2015-07-07,49.97
2015-07-06,51.21
2015-07-02,54.02
2015-07-01,55.12
2015-06-30,62.33
2015-06-29,62.47
2015-06-26,62.53
2015-06-25,62.63
2015-06-24,62.72
2015-06-23,62.76
2015-06-22,62.57
2015-06-19,62.61
2015-06-18,62.65
2015-06-17,62.35
2015-06-16,62.94
2015-06-15,63.33
2015-06-12,63.68
2015-06-11,64.22
2015-06-10,63.45
2015-06-09,62.37
2015-06-08,61.74
2015-06-05,61.99
2015-06-04,62.1
2015-06-03,62.03
2015-06-02,62.24
2015-06-01,59.5
2015-05-29,60.39
2015-05-28,60.24
2015-05-27,59.98
2015-05-26,59.66
2015-05-22,59.62
2015-05-21,59.57
2015-05-20,60.2
2015-05-19,59.94
2015-05-18,59.45
2015-05-15,59.72
2015-05-14,58.44
2015-05-13,59.21
2015-05-12,59.68
2015-05-11,59.96
2015-05-08,59.02
2015-05-07,58.35
2015-05-06,59.31
2015-05-05,57.49
2015-05-04,56.52
2015-05-01,53.88
2015-04-30,51.36
2015-04-29,51.13
2015-04-28,51.62
2015-04-27,50.48
2015-04-24,49.98
2015-04-23,49.49
2015-04-22,49.3
2015-04-21,48.9
2015-04-20,49.0
2015-04-17,49.59
2015-04-16,48.77
2015-04-15,48.6
2015-04-14,48.85
2015-04-13,48.51
2015-04-10,47.19
2015-04-09,47.18
2015-04-08,48.09
2015-04-07,47.81
2015-04-06,47.07
2015-04-03,47.08
2015-04-02,47.08
2015-04-01,48.6
2015-03-31,56.94
2015-03-30,57.22
2015-03-27,57.41
2015-03-26,57.57
2015-03-25,57.72
2015-03-24,57.79
2015-03-23,57.76
2015-03-20,57.84
2015-03-19,58.03
2015-03-18,58.3
2015-03-17,58.88
2015-03-16,58.95
2015-03-13,58.87
2015-03-12,59.2
2015-03-11,58.84
2015-03-10,58.9
2015-03-09,59.44
2015-03-06,59.44
2015-03-05,60.5
2015-03-04,61.23
2015-03-03,62.39
2015-03-02,62.18
2015-02-27,62.61
2015-02-26,62.57
2015-02-25,62.59
2015-02-24,62.63
2015-02-23,62.57
2015-02-20,62.43
2015-02-19,62.59
2015-02-18,62.62
2015-02-17,62.6
2015-02-13,62.42
2015-02-12,62.27
2015-02-11,62.27
2015-02-10,62.02
2015-02-09,61.76
2015-02-06,62.23
2015-02-05,61.89
2015-02-04,62.89
2015-02-03,62.87
2015-02-02,61.97
2015-01-30,67.2
2015-01-29,67.49
2015-01-28,67.75
2015-01-27,67.99
2015-01-26,68.18
2015-01-23,68.46
2015-01-22,68.64
2015-01-21,68.7
2015-01-20,68.91
2015-01-16,69.13
2015-01-15,69.27
2015-01-14,69.0
2015-01-13,69.25
2015-01-12,69.58
2015-01-09,70.66
2015-01-08,70.95
2015-01-07,71.24
2015-01-06,71.57
2015-01-05,69.98
2015-01-02,70.06
2014-12-31,68.92
2014-12-30,68.81
2014-12-29,68.71
2014-12-26,68.7
2014-12-24,68.77
2014-12-23,68.87
2014-12-22,69.05
2014-12-19,69.41
2014-12-18,69.15
2014-12-17,69.05
2014-12-16,69.02
2014-12-15,69.37
2014-12-12,69.67
2014-12-11,69.66
2014-12-10,69.8
2014-12-09,69.9
2014-12-08,70.34
2014-12-05,71.06
2014-12-04,70.83
2014-12-03,69.85
2014-12-02,69.86
2014-12-01,69.75
2014-11-28,73.13
2014-11-26,73.44
2014-11-25,73.69
2014-11-24,74.02
2014-11-21,74.1
2014-11-20,74.27
2014-11-19,74.6
2014-11-18,74.91
2014-11-17,75.55
2014-11-14,75.67
2014-11-13,75.93
2014-11-12,75.95
2014-11-11,75.91
2014-11-10,76.05
2014-11-07,76.35
2014-11-06,75.77
2014-11-05,76.22
2014-11-04,77.42
2014-11-03,78.07
2014-10-31,80.08
2014-10-30,80.16
2014-10-29,80.24
2014-10-28,80.27
2014-10-27,80.35
2014-10-24,80.45
2014-10-23,80.41
2014-10-22,80.52
2014-10-21,80.52
2014-10-20,80.58
2014-10-17,80.43
2014-10-16,80.42
2014-10-15,80.8
2014-10-14,81.61
2014-10-13,81.67
2014-10-10,80.12
2014-10-09,78.67
2014-10-08,78.33
2014-10-07,79.44
2014-10-06,79.17
2014-10-03,79.17
2014-10-02,79.19
2014-10-01,78.85
2014-09-30,82.27
2014-09-29,82.27
2014-09-26,82.49
2014-09-25,82.7
2014-09-24,82.94
2014-09-23,83.08
2014-09-22,83.08
2014-09-19,83.51
2014-09-18,83.81
2014-09-17,84.1
2014-09-16,84.17
2014-09-15,84.71
2014-09-12,84.06
2014-09-11,83.42
2014-09-10,83.56
2014-09-09,83.7
2014-09-08,84.66
2014-09-05,83.84
2014-09-04,84.71
2014-09-03,85.27
2014-09-02,86.7
2014-08-28,92.84
2014-08-27,93.1
2014-08-26,93.32
2014-08-25,93.43
2014-08-22,93.7
2014-08-21,93.86
2014-08-20,93.94
2014-08-19,94.05
2014-08-18,94.03
2014-08-15,94.56
2014-08-14,94.25
2014-08-13,94.46
2014-08-12,94.65
2014-08-11,95.11
2014-08-08,95.35
2014-08-07,95.4
2014-08-06,95.7
2014-08-05,95.98
2014-08-04,96.01
2014-08-01,94.69
2014-07-31,96.05
2014-07-30,96.06
2014-07-29,96.04
2014-07-28,96.07
2014-07-25,96.02
2014-07-24,95.99
2014-07-23,96.07
2014-07-22,96.21
2014-07-21,96.2
2014-07-18,96.23
2014-07-17,96.61
2014-07-16,96.88
2014-07-15,96.92
2014-07-14,97.01
2014-07-11,96.46
2014-07-10,96.26
2014-07-09,95.84
2014-07-08,96.27
2014-07-07,95.32
2014-07-03,96.39
2014-07-02,96.36
2014-07-01,95.12
2014-06-30,92.74
2014-06-27,92.7
2014-06-26,92.61
2014-06-25,92.5
2014-06-24,92.41
2014-06-23,92.34
2014-06-20,92.19
2014-06-19,92.01
2014-06-18,91.8
2014-06-17,91.79
2014-06-16,91.63
2014-06-13,92.26
2014-06-12,92.38
2014-06-11,93.26
2014-06-10,93.34
2014-06-09,94.01
2014-06-06,94.86
2014-06-05,94.22
2014-06-04,95.51
2014-06-03,93.84
2014-06-02,93.91
2014-05-29,100.89
2014-05-28,101.15
2014-05-27,101.5
2014-05-23,101.8
2014-05-22,102.24
2014-05-21,102.31
2014-05-20,101.97
2014-05-19,102.35
2014-05-16,102.8
2014-05-15,103.91
2014-05-14,104.45
2014-05-13,104.22
2014-05-12,104.77
2014-05-09,103.78
2014-05-08,104.0
2014-05-07,104.94
2014-05-06,106.5
2014-05-05,106.67
2014-05-02,106.56
2014-05-01,105.75
2014-04-30,114.58
2014-04-29,115.03
2014-04-28,115.38
2014-04-25,115.72
2014-04-24,115.92
2014-04-23,115.91
2014-04-22,116.0
2014-04-21,116.27
2014-04-17,116.79
2014-04-16,116.77
2014-04-15,116.75
2014-04-14,116.95
2014-04-11,117.09
2014-04-10,117.3
2014-04-09,118.36
2014-04-08,118.7
2014-04-07,118.16
2014-04-04,116.07
2014-04-03,115.48
2014-04-02,114.69
2014-04-01,116.67
2014-03-31,111.83
2014-03-28,111.58
2014-03-27,111.54
2014-03-26,111.61
2014-03-25,111.55
2014-03-24,111.43
2014-03-21,111.43
2014-03-20,111.56
2014-03-19,111.56
2014-03-18,111.57
2014-03-17,111.13
2014-03-14,111.43
2014-03-13,112.66
2014-03-12,110.87
2014-03-11,110.6
2014-03-10,109.2
2014-03-07,113.76
2014-03-06,115.52
2014-03-05,115.65
2014-03-04,114.84
2014-03-03,115.0
2014-02-28,121.37
2014-02-27,121.54
2014-02-26,121.6
2014-02-25,121.71
2014-02-24,121.82
2014-02-21,122.27
2014-02-20,122.17
2014-02-19,122.39
2014-02-18,122.33
2014-02-14,122.39
2014-02-13,122.04
2014-02-12,121.17
2014-02-11,120.68
2014-02-10,120.87
2014-02-07,121.04
2014-02-06,122.03
2014-02-05,121.87
2014-02-04,122.29
2014-02-03,122.51
2014-01-31,122.63
2014-01-30,128.12
2014-01-29,128.46
2014-01-28,128.55
2014-01-27,128.81
2014-01-24,128.98
2014-01-23,129.16
2014-01-22,129.23
2014-01-21,129.18
2014-01-17,129.73
2014-01-16,130.38
2014-01-15,130.89
2014-01-14,131.01
2014-01-13,130.63
2014-01-10,130.82
2014-01-09,130.91
2014-01-08,131.93
2014-01-07,132.02
2014-01-06,132.18
2014-01-03,132.71
2014-01-02,133.33
2013-12-31,135.79
2013-12-30,135.88
2013-12-27,135.93
2013-12-26,136.13
2013-12-24,136.27
2013-12-23,136.28
2013-12-20,136.61
2013-12-19,136.76
2013-12-18,136.97
2013-12-17,137.05
2013-12-16,137.48
2013-12-13,137.4
2013-12-12,137.52
2013-12-11,138.04
2013-12-10,138.41
2013-12-09,138.7
2013-12-06,138.1
2013-12-05,138.05
2013-12-04,138.52
2013-12-03,137.39
2013-12-02,136.16
2013-11-27,136.32
2013-11-26,136.36
2013-11-25,136.37
2013-11-22,136.33
2013-11-21,136.23
2013-11-20,136.1
2013-11-19,135.95
2013-11-18,135.82
2013-11-15,135.71
2013-11-14,135.72
2013-11-13,135.65
2013-11-12,135.81
2013-11-11,135.12
2013-11-08,135.25
2013-11-07,135.23
2013-11-06,135.39
2013-11-05,135.0
2013-11-04,134.22
2013-11-01,133.82
2013-10-31,132.57
2013-10-30,132.59
2013-10-29,132.61
2013-10-28,132.73
2013-10-25,132.76
2013-10-24,132.68
2013-10-23,132.6
2013-10-22,132.67
2013-10-21,132.69
2013-10-18,132.65
2013-10-17,132.59
2013-10-16,132.34
2013-10-15,132.55
2013-10-14,132.29
2013-10-11,131.94
2013-10-10,131.4
2013-10-09,130.76
2013-10-08,130.19
2013-10-07,129.91
2013-10-04,129.73
2013-10-03,129.53
2013-10-02,129.32
2013-10-01,127.43
2013-09-30,134.19
2013-09-27,134.33
2013-09-26,134.45
2013-09-25,134.45
2013-09-24,134.48
2013-09-23,134.55
2013-09-20,134.64
2013-09-19,134.67
2013-09-18,134.73
2013-09-17,134.67
2013-09-16,134.79
2013-09-13,135.08
2013-09-12,135.28
2013-09-11,135.25
2013-09-10,134.89
2013-09-09,135.36
2013-09-06,134.03
2013-09-05,134.08
2013-09-04,135.28
2013-09-03,134.15
2013-08-30,137.05
2013-08-29,137.0
2013-08-28,136.94
2013-08-27,136.89
2013-08-26,136.92
2013-08-23,136.87
2013-08-22,136.43
2013-08-21,136.32
2013-08-20,136.26
2013-08-19,136.01
2013-08-16,135.85
2013-08-15,134.93
2013-08-14,135.79
2013-08-13,136.29
2013-08-12,135.91
2013-08-09,134.16
2013-08-08,133.6
2013-08-07,132.91
2013-08-06,131.9
2013-08-05,129.57
2013-08-02,128.78
2013-08-01,127.12
2013-07-31,127.43
2013-07-30,127.47
2013-07-29,127.55
2013-07-26,127.67
2013-07-25,127.58
2013-07-24,127.58
2013-07-23,127.52
2013-07-22,127.4
2013-07-19,127.47
2013-07-18,124.54
2013-07-17,123.93
2013-07-16,123.34
2013-07-15,122.77
2013-07-12,122.31
2013-07-11,121.75
2013-07-10,121.26
2013-07-09,120.82
2013-07-08,120.24
2013-07-05,120.92
2013-07-03,120.17
2013-07-02,119.33
2013-07-01,116.75
2013-06-27,114.75
2013-06-26,114.67
2013-06-25,114.83
2013-06-24,115.0
2013-06-21,115.17
2013-06-20,115.17
2013-06-19,116.58
2013-06-18,116.08
2013-06-17,115.67
2013-06-14,114.67
2013-06-13,112.33
2013-06-12,112.54
2013-06-11,112.58
2013-06-10,112.25
2013-06-07,111.83
2013-06-06,111.25
2013-06-05,114.5
2013-06-04,118.33
2013-06-03,117.25
2013-05-30,124.66
2013-05-29,125.31
2013-05-28,126.5
2013-05-24,126.73
2013-05-23,126.71
2013-05-22,127.08
2013-05-21,127.34
2013-05-20,127.3
2013-05-17,127.47
2013-05-16,127.8
2013-05-15,127.93
2013-05-14,128.6
2013-05-13,129.38
2013-05-09,130.18
2013-05-08,130.97
2013-05-07,130.59
2013-05-06,127.5
2013-05-03,127.46
2013-05-02,126.15
2013-05-01,129.0
2013-04-30,137.44
2013-04-29,137.8
2013-04-26,137.89
2013-04-25,137.89
2013-04-24,138.01
2013-04-23,138.15
2013-04-22,138.15
2013-04-19,138.28
2013-04-18,138.25
2013-04-17,138.07
2013-04-16,138.36
2013-04-15,138.48
2013-04-12,138.96
2013-04-11,139.0
2013-04-10,138.68
2013-04-09,138.23
2013-04-08,137.52
2013-04-05,136.54
2013-04-04,137.2
2013-04-03,136.8
2013-04-02,136.59
2013-04-01,136.7
2013-03-28,139.87
2013-03-27,140.04
2013-03-26,140.5
2013-03-25,140.7
2013-03-22,140.9
2013-03-21,140.8
2013-03-20,140.71
2013-03-19,140.92
2013-03-18,141.17
2013-03-15,142.28
2013-03-14,140.84
2013-03-13,142.12
2013-03-12,142.61
2013-03-11,143.91
2013-03-08,145.26
2013-03-07,145.56
2013-03-06,146.0
2013-03-05,143.74
2013-03-04,142.96
2013-03-01,146.85
2013-02-28,154.64
2013-02-27,154.82
2013-02-26,155.01
2013-02-25,155.21
2013-02-22,155.3
2013-02-21,155.52
2013-02-20,155.39
2013-02-19,155.43
2013-02-15,155.28
2013-02-14,156.37
2013-02-13,156.62
2013-02-12,156.83
2013-02-11,156.72
2013-02-08,157.3
2013-02-07,156.65
2013-02-06,155.97
2013-02-05,154.83
2013-02-04,156.15
2013-02-01,153.64
2013-01-31,150.86
2013-01-30,150.75
2013-01-29,150.7
2013-01-28,150.8
2013-01-25,150.88
2013-01-24,151.03
2013-01-23,151.23
2013-01-22,151.35
2013-01-18,151.57
2013-01-17,151.31
2013-01-16,151.37
2013-01-15,152.19
2013-01-14,152.78
2013-01-11,151.16
2013-01-10,151.66
2013-01-09,151.99
2013-01-08,152.39
2013-01-07,150.16
2013-01-04,148.91
2013-01-03,151.24
2013-01-02,146.74
2012-12-31,128.55
2012-12-28,128.23
2012-12-27,128.82
2012-12-26,129.75
2012-12-24,129.75
2012-12-21,127.63
2012-12-20,127.58
2012-12-19,127.08
2012-12-18,126.5
2012-12-17,126.0
2012-12-14,124.33
2012-12-13,122.73
2012-12-12,122.31
2012-12-11,121.4
2012-12-10,121.4
2012-12-07,121.29
2012-12-06,118.49
2012-12-05,117.68
2012-12-04,114.59
2012-12-03,113.79
2012-11-30,120.35
2012-11-29,119.97
2012-11-28,119.94
2012-11-27,120.1
2012-11-26,120.26
2012-11-23,120.26
2012-11-21,120.28
2012-11-20,120.16
2012-11-19,120.28
2012-11-16,120.53
2012-11-15,120.61
2012-11-14,120.17
2012-11-13,120.18
2012-11-12,120.64
2012-11-09,119.99
2012-11-08,118.71
2012-11-07,118.34
2012-11-06,117.79
2012-11-05,117.08
2012-11-02,117.45
2012-11-01,117.45
2012-10-31,113.95
2012-10-30,113.7
2012-10-29,113.7
2012-10-26,113.16
2012-10-25,112.82
2012-10-24,112.52
2012-10-23,112.21
2012-10-22,112.17
2012-10-19,111.73
2012-10-18,111.81
2012-10-17,111.34
2012-10-16,110.44
2012-10-15,109.94
2012-10-12,110.06
2012-10-11,110.33
2012-10-10,110.6
2012-10-09,111.33
2012-10-08,110.67
2012-10-05,109.59
2012-10-04,109.82
2012-10-03,108.59
2012-10-02,106.6
2012-10-01,106.1
2012-09-27,99.2
2012-09-26,98.9
2012-09-25,98.7
2012-09-24,98.5
2012-09-21,98.2
2012-09-20,98.8
2012-09-19,98.4
2012-09-18,97.7
2012-09-17,96.9
2012-09-14,95.8
2012-09-13,93.9
2012-09-12,94.0
2012-09-11,96.5
2012-09-10,95.1
2012-09-07,92.8
2012-09-06,87.5
2012-09-05,85.2
2012-09-04,86.4
2012-08-31,107.8
2012-08-30,108.6
2012-08-29,109.5
2012-08-28,110.4
2012-08-27,111.0
2012-08-24,110.9
2012-08-23,111.1
2012-08-22,111.9
2012-08-21,112.5
2012-08-20,112.9
2012-08-17,113.2
2012-08-16,113.9
2012-08-15,114.1
2012-08-14,114.0
2012-08-13,114.6
2012-08-10,114.8
2012-08-09,115.7
2012-08-08,115.8
2012-08-07,117.1
2012-08-06,116.0
2012-08-03,114.5
2012-08-02,114.4
2012-08-01,116.3
2012-07-31,127.9
2012-07-30,128.5
2012-07-27,129.1
2012-07-26,129.6
2012-07-25,130.6
2012-07-24,130.7
2012-07-23,131.0
2012-07-20,131.5
2012-07-19,132.0
2012-07-18,132.4
2012-07-17,132.8
2012-07-16,133.1
2012-07-13,133.3
2012-07-12,133.6
2012-07-11,133.5
2012-07-10,133.4
2012-07-09,134.3
2012-07-06,134.1
2012-07-05,134.7
2012-07-03,134.0
2012-07-02,131.8
2012-06-29,134.6
2012-06-28,134.6
2012-06-27,134.6
2012-06-26,134.6
2012-06-25,134.6
2012-06-22,134.5
2012-06-21,134.5
2012-06-20,134.5
2012-06-19,134.4
2012-06-18,134.3
2012-06-15,133.7
2012-06-14,133.6
2012-06-13,133.3
2012-06-12,132.2
2012-06-11,131.9
2012-06-08,131.2
2012-06-07,131.8
2012-06-06,129.8
2012-06-05,132.0
2012-06-04,132.0
2012-06-01,132.0
2012-05-31,136.3
2012-05-30,136.4
2012-05-29,136.4
2012-05-25,137.0
2012-05-24,137.2
2012-05-23,137.4
2012-05-22,137.8
2012-05-21,138.0
2012-05-18,137.9
2012-05-17,138.4
2012-05-16,138.6
2012-05-15,138.9
2012-05-14,139.1
2012-05-11,140.2
2012-05-10,140.8
2012-05-09,141.4
2012-05-08,141.4
2012-05-07,142.7
2012-05-04,142.7
2012-05-03,142.5
2012-05-02,142.5
2012-05-01,143.2
2012-04-30,147.6
2012-04-27,147.8
2012-04-26,147.9
2012-04-25,148.1
2012-04-24,148.2
2012-04-23,148.2
2012-04-20,148.3
2012-04-19,148.0
2012-04-18,148.2
2012-04-17,148.4
2012-04-16,148.1
2012-04-13,148.6
2012-04-12,148.9
2012-04-11,149.1
2012-04-10,149.4
2012-04-09,147.1
2012-04-05,147.1
2012-04-04,147.3
2012-04-03,147.1
2012-04-02,145.9
2012-03-29,144.6
2012-03-28,144.5
2012-03-27,144.3
2012-03-26,144.1
2012-03-23,143.9
2012-03-22,143.8
2012-03-21,143.7
2012-03-20,143.7
2012-03-19,143.7
2012-03-16,143.6
2012-03-15,143.6
2012-03-14,143.1
2012-03-13,143.5
2012-03-12,142.5
2012-03-09,140.0
2012-03-08,139.8
2012-03-07,138.8
2012-03-06,138.2
2012-03-05,137.9
2012-03-02,139.5
2012-03-01,139.3
2012-02-29,140.4
2012-02-28,140.1
2012-02-27,140.0
2012-02-24,139.9
2012-02-23,140.0
2012-02-22,139.8
2012-02-21,139.9
2012-02-17,139.9
2012-02-16,140.1
2012-02-15,140.7
2012-02-14,141.0
2012-02-13,142.2
2012-02-10,142.8
2012-02-09,142.8
2012-02-08,142.8
2012-02-07,143.6
2012-02-06,144.6
2012-02-03,143.4
2012-02-02,144.6
2012-02-01,144.7
2012-01-31,140.4
2012-01-30,140.0
2012-01-27,139.8
2012-01-26,139.6
2012-01-25,139.4
2012-01-24,139.2
2012-01-23,139.0
2012-01-20,138.8
2012-01-19,138.6
2012-01-18,138.4
2012-01-17,138.2
2012-01-13,137.8
2012-01-12,137.4
2012-01-11,136.9
2012-01-10,136.8
2012-01-09,136.5
2012-01-06,136.3
2012-01-05,136.1
2012-01-04,135.9
2012-01-03,135.7
2011-12-29,136.3
2011-12-28,136.2
2011-12-27,136.1
2011-12-23,136.1
2011-12-22,136.1
2011-12-21,136.1
2011-12-20,136.1
2011-12-19,136.3
2011-12-16,136.5
2011-12-15,136.6
2011-12-14,136.7
2011-12-13,136.7
2011-12-12,136.6
2011-12-09,136.5
2011-12-08,136.4
2011-12-07,136.2
2011-12-06,136.0
2011-12-05,135.8
2011-12-02,135.6
2011-12-01,135.5
2011-11-30,135.5
2011-11-29,135.8
2011-11-28,136.0
2011-11-25,136.3
2011-11-23,135.8
2011-11-22,135.7
2011-11-21,135.3
2011-11-18,135.2
2011-11-17,134.8
2011-11-16,134.1
2011-11-15,133.4
2011-11-14,131.5
2011-11-11,131.3
2011-11-10,131.3
2011-11-09,133.2
2011-11-08,130.5
2011-11-07,129.2
2011-11-04,129.4
2011-11-03,127.7
2011-11-02,127.9
2011-11-01,125.6
2011-10-31,150.4
2011-10-28,152.0
2011-10-27,153.2
2011-10-26,154.8
2011-10-25,156.1
2011-10-24,157.5
2011-10-21,158.0
2011-10-20,158.6
2011-10-19,159.2
2011-10-18,159.7
2011-10-17,161.2
2011-10-14,162.6
2011-10-13,162.4
2011-10-12,163.2
2011-10-11,164.3
2011-10-10,165.9
2011-10-07,167.1
2011-10-06,165.5
2011-10-05,164.5
2011-10-04,163.3
2011-10-03,158.6
2011-09-29,177.5
2011-09-28,177.8
2011-09-27,177.9
2011-09-26,178.1
2011-09-23,178.3
2011-09-22,178.5
2011-09-21,178.5
2011-09-20,178.7
2011-09-19,178.5
2011-09-16,178.8
2011-09-15,178.9
2011-09-14,178.8
2011-09-13,179.0
2011-09-12,178.2
2011-09-09,178.1
2011-09-08,179.5
2011-09-07,179.4
2011-09-06,178.6
2011-09-02,179.1
2011-09-01,178.5
2011-08-31,177.4
2011-08-30,177.3
2011-08-29,177.3
2011-08-26,177.3
2011-08-25,177.2
2011-08-24,177.2
2011-08-23,177.1
2011-08-22,177.0
2011-08-19,177.0
2011-08-18,177.0
2011-08-17,176.9
2011-08-16,176.7
2011-08-15,176.2
2011-08-12,175.8
2011-08-11,175.6
2011-08-10,176.1
2011-08-09,174.8
2011-08-08,175.2
2011-08-05,175.3
2011-08-04,177.8
2011-08-03,177.9
2011-08-02,173.3
2011-08-01,173.1
2011-07-28,173.1
2011-07-27,173.0
2011-07-26,172.8
2011-07-25,172.7
2011-07-22,172.6
2011-07-21,172.5
2011-07-20,172.4
2011-07-19,172.3
2011-07-18,172.0
2011-07-15,171.6
2011-07-14,172.2
2011-07-13,172.4
2011-07-12,171.5
2011-07-11,169.6
2011-07-08,168.8
2011-07-07,169.7
2011-07-06,170.2
2011-07-05,170.2
2011-07-01,163.9
2011-06-30,164.0
2011-06-29,164.9
2011-06-28,164.3
2011-06-27,164.1
2011-06-24,165.0
2011-06-23,166.0
2011-06-22,165.0
2011-06-21,164.2
2011-06-20,164.3
2011-06-17,166.6
2011-06-16,169.0
2011-06-15,171.0
2011-06-14,170.3
2011-06-13,170.2
2011-06-10,172.3
2011-06-09,172.8
2011-06-08,172.4
2011-06-07,172.8
2011-06-06,171.3
2011-06-03,168.3
2011-06-02,166.9
2011-06-01,168.2
2011-05-31,168.6
2011-05-27,165.7
2011-05-26,165.0
2011-05-25,166.5
2011-05-24,165.4
2011-05-23,163.5
2011-05-20,164.1
2011-05-19,164.6
2011-05-18,167.5
2011-05-17,167.8
2011-05-16,168.5
2011-05-13,169.6
2011-05-12,168.8
2011-05-11,170.1
2011-05-10,172.5
2011-05-09,168.0
2011-05-06,169.3
2011-05-05,172.5
2011-05-04,175.0
2011-05-03,175.8
2011-05-02,171.0
2011-04-28,179.1
2011-04-27,179.1
2011-04-26,179.5
2011-04-25,179.5
2011-04-21,179.4
2011-04-20,179.4
2011-04-19,179.4
2011-04-18,179.2
2011-04-15,179.1
2011-04-14,179.0
2011-04-13,178.8
2011-04-12,178.9
2011-04-11,181.1
2011-04-08,181.0
2011-04-07,179.3
2011-04-06,175.0
2011-04-05,173.2
2011-04-04,173.8
2011-04-01,171.9
2011-03-31,174.0
2011-03-30,169.5
2011-03-29,169.3
2011-03-28,169.3
2011-03-25,169.4
2011-03-24,169.4
2011-03-23,170.0
2011-03-22,170.0
2011-03-21,169.3
2011-03-18,168.9
2011-03-17,169.0
2011-03-16,167.7
2011-03-15,163.6
2011-03-14,163.1
2011-03-11,164.0
2011-03-10,167.8
2011-03-09,168.8
2011-03-08,171.5
2011-03-07,171.6
2011-03-04,174.5
2011-03-03,173.0
2011-03-02,172.0
2011-03-01,173.4
2011-02-28,187.2
2011-02-25,187.5
2011-02-24,187.5
2011-02-23,187.6
2011-02-22,187.7
2011-02-18,187.5
2011-02-17,187.5
2011-02-16,187.8
2011-02-15,188.9
2011-02-14,188.5
2011-02-11,188.0
2011-02-10,188.0
2011-02-09,185.5
2011-02-08,185.5
2011-02-07,184.8
2011-02-04,183.5
2011-02-03,183.5
2011-02-02,184.0
2011-02-01,183.0
2011-01-31,179.6
2011-01-28,179.5
2011-01-27,179.5
2011-01-26,179.0
2011-01-25,179.0
2011-01-24,179.0
2011-01-21,178.0
2011-01-20,178.0
2011-01-19,179.0
2011-01-14,179.5
2011-01-13,176.0
2011-01-12,176.0
2011-01-11,175.0
2011-01-10,173.5
2011-01-07,173.5
2011-01-06,173.5
2011-01-05,174.5
2011-01-04,172.1
2011-01-03,170.0
2010-12-31,168.3
2010-12-30,169.0
2010-12-29,169.0
2010-12-28,168.8
2010-12-27,168.8
2010-12-23,168.8
2010-12-22,168.8
2010-12-21,169.0
2010-12-20,169.0
2010-12-17,169.0
2010-12-16,169.0
2010-12-15,169.5
2010-12-14,169.5
2010-12-13,169.0
2010-12-10,169.0
2010-12-09,168.0
2010-12-08,169.1
2010-12-07,169.9
2010-12-06,169.0
2010-12-03,168.0
2010-12-02,167.0
2010-12-01,166.8
2010-11-30,160.5
2010-11-29,160.5
2010-11-26,161.0
2010-11-24,161.5
2010-11-23,161.0
2010-11-22,160.0
2010-11-19,159.5
2010-11-18,158.0
2010-11-17,158.5
2010-11-16,160.3
2010-11-15,156.0
2010-11-12,155.8
2010-11-11,159.0
2010-11-10,157.5
2010-11-09,162.0
2010-11-08,161.5
2010-11-05,158.3
2010-11-04,156.5
2010-11-03,153.5
2010-11-02,152.0
2010-11-01,146.0
2010-10-29,147.5
2010-10-28,144.0
2010-10-27,144.5
2010-10-26,145.1
2010-10-25,145.0
